origem,destino,acao,peso_sugerido,numero_pr
yonaskolb,georgenavarro,MERGE,5,1570
yonaskolb,georgenavarro,APPROVED,4,1570
yonaskolb,CraigSiemens,MERGE,5,1565
yonaskolb,CraigSiemens,APPROVED,4,1565
yonaskolb,jakobfelsatdm,MERGE,5,1563
yonaskolb,jakobfelsatdm,APPROVED,4,1563
yonaskolb,KostyaSha,MERGE,5,1559
yonaskolb,KostyaSha,COMMENTED,4,1559
yonaskolb,KostyaSha,COMMENTED,4,1559
yonaskolb,KostyaSha,APPROVED,4,1559
yonaskolb,kirillyakimovich,MERGE,5,1557
yonaskolb,kirillyakimovich,APPROVED,4,1557
yonaskolb,hi-kumar,MERGE,5,1550
yonaskolb,hi-kumar,APPROVED,4,1550
freddi-kit,giginet,APPROVED,4,1548
yonaskolb,giginet,APPROVED,4,1548
yonaskolb,Ryu0118,MERGE,5,1547
giginet,Ryu0118,COMMENTED,4,1547
freddi-kit,Ryu0118,COMMENTED,4,1547
freddi-kit,Ryu0118,COMMENTED,4,1547
freddi-kit,Ryu0118,COMMENTED,4,1547
freddi-kit,Ryu0118,COMMENTED,4,1547
giginet,Ryu0118,COMMENTED,4,1547
giginet,Ryu0118,APPROVED,4,1547
freddi-kit,Ryu0118,APPROVED,4,1547
giginet,Ryu0118,COMMENTED,4,1547
giginet,Ryu0118,COMMENTED,4,1547
giginet,Ryu0118,COMMENTED,4,1547
giginet,Ryu0118,APPROVED,4,1547
freddi-kit,Ryu0118,APPROVED,4,1547
yonaskolb,Ryu0118,APPROVED,4,1547
yonaskolb,RomanPodymov,MERGE,5,1546
yonaskolb,RomanPodymov,COMMENTED,4,1546
yonaskolb,RomanPodymov,APPROVED,4,1546
yonaskolb,georgenavarro,MERGE,5,1543
yonaskolb,georgenavarro,COMMENTED,4,1543
yonaskolb,georgenavarro,COMMENTED,4,1543
yonaskolb,georgenavarro,APPROVED,4,1543
kirillyakimovich,yonaskolb,COMMENTED,4,1541
kirillyakimovich,yonaskolb,COMMENTED,4,1541
kirillyakimovich,yonaskolb,COMMENTED,4,1541
yonaskolb,shnhrrsn,MERGE,5,1534
yonaskolb,shnhrrsn,APPROVED,4,1534
yonaskolb,iljaiwas,MERGE,5,1531
yonaskolb,iljaiwas,APPROVED,4,1531
yonaskolb,SSheldon,MERGE,5,1529
yonaskolb,SSheldon,APPROVED,4,1529
yonaskolb,zewuchen,MERGE,5,1522
yonaskolb,zewuchen,APPROVED,4,1522
yonaskolb,dalemyers,MERGE,5,1519
yonaskolb,dalemyers,APPROVED,4,1519
yonaskolb,marcosgriselli,MERGE,5,1517
yonaskolb,marcosgriselli,APPROVED,4,1517
yonaskolb,marcosgriselli,MERGE,5,1515
yonaskolb,marcosgriselli,MERGE,5,1513
yonaskolb,marcosgriselli,APPROVED,4,1513
yonaskolb,maximkrouk,MERGE,5,1512
yonaskolb,maximkrouk,APPROVED,4,1512
yonaskolb,simonbs,MERGE,5,1500
yonaskolb,simonbs,APPROVED,4,1500
yonaskolb,mokagio,MERGE,5,1499
yonaskolb,mokagio,APPROVED,4,1499
yonaskolb,juri,MERGE,5,1498
yonaskolb,juri,COMMENTED,4,1498
yonaskolb,juri,COMMENTED,4,1498
yonaskolb,juri,APPROVED,4,1498
yonaskolb,giginet,MERGE,5,1493
freddi-kit,giginet,COMMENTED,4,1492
yonaskolb,0111b,MERGE,5,1489
yonaskolb,0111b,COMMENTED,4,1489
yonaskolb,0111b,APPROVED,4,1489
giginet,ozumin,MERGE,5,1487
giginet,ozumin,APPROVED,4,1487
yonaskolb,Lutzifer,MERGE,5,1486
yonaskolb,Lutzifer,APPROVED,4,1486
yonaskolb,giginet,MERGE,5,1485
yonaskolb,giginet,APPROVED,4,1485
freddi-kit,giginet,APPROVED,4,1485
yonaskolb,Lutzifer,MERGE,5,1472
yonaskolb,Lutzifer,APPROVED,4,1472
yonaskolb,erneestoc,MERGE,5,1471
yonaskolb,erneestoc,COMMENTED,4,1471
yonaskolb,erneestoc,APPROVED,4,1471
yonaskolb,tatsuky,MERGE,5,1470
freddi-kit,tatsuky,COMMENTED,4,1470
giginet,tatsuky,APPROVED,4,1470
giginet,tatsuky,APPROVED,4,1470
FelixLisczyk,tatsuky,APPROVED,4,1470
yonaskolb,tatsuky,APPROVED,4,1470
yonaskolb,erneestoc,MERGE,5,1468
yonaskolb,erneestoc,COMMENTED,4,1468
yonaskolb,erneestoc,APPROVED,4,1468
yonaskolb,erneestoc,COMMENTED,4,1468
yonaskolb,erneestoc,APPROVED,4,1468
yonaskolb,jflan-dd,MERGE,5,1466
yonaskolb,jflan-dd,APPROVED,4,1466
yonaskolb,kinnarr,MERGE,5,1465
yonaskolb,kinnarr,COMMENTED,4,1465
yonaskolb,kinnarr,APPROVED,4,1465
yonaskolb,tylermilner,MERGE,5,1452
yonaskolb,vakhidbetrakhmadov,MERGE,5,1450
yonaskolb,vakhidbetrakhmadov,COMMENTED,4,1450
yonaskolb,vakhidbetrakhmadov,APPROVED,4,1450
freddi-kit,yonaskolb,APPROVED,4,1449
yonaskolb,freddi-kit,MERGE,5,1448
yonaskolb,freddi-kit,APPROVED,4,1448
yonaskolb,eschwieb,MERGE,5,1446
yonaskolb,eschwieb,APPROVED,4,1446
yonaskolb,Dahlgren,MERGE,5,1444
yonaskolb,Dahlgren,APPROVED,4,1444
yonaskolb,Lutzifer,MERGE,5,1439
yonaskolb,Lutzifer,APPROVED,4,1439
yonaskolb,tatsuky,MERGE,5,1438
giginet,tatsuky,APPROVED,4,1438
PierreJanineh,tatsuky,APPROVED,4,1438
yonaskolb,tatsuky,APPROVED,4,1438
yonaskolb,balazs-vimn,MERGE,5,1430
yonaskolb,balazs-vimn,APPROVED,4,1430
yonaskolb,nysander,MERGE,5,1424
yonaskolb,nysander,APPROVED,4,1424
yonaskolb,nicolasbosi95,MERGE,5,1421
MojtabaHs,nicolasbosi95,COMMENTED,4,1421
MojtabaHs,nicolasbosi95,COMMENTED,4,1421
yonaskolb,nicolasbosi95,APPROVED,4,1421
beatrupp,kiddten,APPROVED,4,1418
yonaskolb,JaapManenschijn,MERGE,5,1417
yonaskolb,JaapManenschijn,COMMENTED,4,1417
yonaskolb,JaapManenschijn,APPROVED,4,1417
yonaskolb,hiltonc,MERGE,5,1413
MartinP7r,hiltonc,APPROVED,4,1413
yonaskolb,hiltonc,APPROVED,4,1413
yonaskolb,arkonxu,COMMENTED,4,1410
yonaskolb,sohamtembhurne,MERGE,5,1407
yonaskolb,sohamtembhurne,APPROVED,4,1407
yonaskolb,ahmedk92,MERGE,5,1405
yonaskolb,ahmedk92,APPROVED,4,1405
yonaskolb,aaron-foreflight,MERGE,5,1398
yonaskolb,aaron-foreflight,APPROVED,4,1398
yonaskolb,simonbs,MERGE,5,1395
freddi-kit,simonbs,COMMENTED,4,1395
freddi-kit,simonbs,COMMENTED,4,1395
yonaskolb,simonbs,COMMENTED,4,1395
yonaskolb,simonbs,COMMENTED,4,1395
yonaskolb,simonbs,APPROVED,4,1395
yonaskolb,BarredEwe,MERGE,5,1390
yonaskolb,BarredEwe,APPROVED,4,1390
yonaskolb,freddi-kit,MERGE,5,1388
yonaskolb,freddi-kit,COMMENTED,4,1388
yonaskolb,freddi-kit,COMMENTED,4,1388
yonaskolb,freddi-kit,APPROVED,4,1388
yonaskolb,kaseken,MERGE,5,1382
yonaskolb,kaseken,APPROVED,4,1382
yonaskolb,piellarda,MERGE,5,1380
yonaskolb,piellarda,COMMENTED,4,1380
yonaskolb,piellarda,APPROVED,4,1380
yonaskolb,shiba1014,MERGE,5,1379
freddi-kit,shiba1014,COMMENTED,4,1379
freddi-kit,shiba1014,COMMENTED,4,1379
giginet,shiba1014,COMMENTED,4,1379
freddi-kit,shiba1014,COMMENTED,4,1379
freddi-kit,shiba1014,APPROVED,4,1379
giginet,shiba1014,APPROVED,4,1379
yonaskolb,shiba1014,APPROVED,4,1379
yonaskolb,liamnichols,MERGE,5,1378
yonaskolb,liamnichols,COMMENTED,4,1378
yonaskolb,liamnichols,APPROVED,4,1378
yonaskolb,liamnichols,APPROVED,4,1378
yonaskolb,liamnichols,MERGE,5,1377
yonaskolb,liamnichols,COMMENTED,4,1377
yonaskolb,liamnichols,APPROVED,4,1377
yonaskolb,chessbyte,MERGE,5,1376
yonaskolb,chessbyte,APPROVED,4,1376
yonaskolb,BarredEwe,MERGE,5,1374
yonaskolb,BarredEwe,COMMENTED,4,1374
freddi-kit,BarredEwe,COMMENTED,4,1374
freddi-kit,BarredEwe,APPROVED,4,1374
yonaskolb,BarredEwe,COMMENTED,4,1374
freddi-kit,BarredEwe,COMMENTED,4,1374
freddi-kit,BarredEwe,COMMENTED,4,1374
yonaskolb,BarredEwe,APPROVED,4,1374
yonaskolb,leonardorock,MERGE,5,1368
yonaskolb,leonardorock,COMMENTED,4,1368
yonaskolb,leonardorock,APPROVED,4,1368
jflan-dd,mthole,COMMENTED,4,1366
yonaskolb,OdNairy,MERGE,5,1354
yonaskolb,OdNairy,APPROVED,4,1354
yonaskolb,bartoszkosiorek,MERGE,5,1353
yonaskolb,bartoszkosiorek,APPROVED,4,1353
yonaskolb,bartoszkosiorek,MERGE,5,1352
yonaskolb,bartoszkosiorek,APPROVED,4,1352
yonaskolb,bartoszkosiorek,COMMENTED,4,1352
yonaskolb,mat1th,MERGE,5,1351
yonaskolb,mat1th,COMMENTED,4,1351
teameh,mat1th,COMMENTED,4,1351
yonaskolb,mat1th,COMMENTED,4,1351
yonaskolb,mat1th,APPROVED,4,1351
yonaskolb,ghost,MERGE,5,1341
Brian-MobileTeam,ghost,APPROVED,4,1341
vguerci,ghost,COMMENTED,4,1341
dalemyers,ghost,COMMENTED,4,1341
yonaskolb,ghost,COMMENTED,4,1341
yonaskolb,ghost,COMMENTED,4,1341
dalemyers,ghost,COMMENTED,4,1341
yonaskolb,ghost,APPROVED,4,1341
yonaskolb,stavares843,MERGE,5,1340
yonaskolb,stavares843,APPROVED,4,1340
yonaskolb,shnhrrsn,MERGE,5,1337
yonaskolb,shnhrrsn,COMMENTED,4,1337
yonaskolb,shnhrrsn,APPROVED,4,1337
yonaskolb,amatig,MERGE,5,1336
yonaskolb,amatig,COMMENTED,4,1336
yonaskolb,amatig,COMMENTED,4,1336
yonaskolb,amatig,COMMENTED,4,1336
yonaskolb,amatig,COMMENTED,4,1336
yonaskolb,amatig,COMMENTED,4,1336
yonaskolb,amatig,APPROVED,4,1336
yonaskolb,m-chojnacki,MERGE,5,1329
yonaskolb,m-chojnacki,APPROVED,4,1329
yonaskolb,tzxdtc,MERGE,5,1328
yonaskolb,tzxdtc,COMMENTED,4,1328
yonaskolb,Iron-Ham,MERGE,5,1317
yonaskolb,Iron-Ham,COMMENTED,4,1317
yonaskolb,Iron-Ham,COMMENTED,4,1317
yonaskolb,Iron-Ham,APPROVED,4,1317
yonaskolb,Iron-Ham,MERGE,5,1316
yonaskolb,Iron-Ham,APPROVED,4,1316
yonaskolb,Iron-Ham,APPROVED,4,1316
yonaskolb,casperriboe,MERGE,5,1310
yonaskolb,casperriboe,COMMENTED,4,1310
yonaskolb,casperriboe,APPROVED,4,1310
yonaskolb,s2mr,MERGE,5,1298
yonaskolb,s2mr,APPROVED,4,1298
yonaskolb,s2mr,MERGE,5,1297
yonaskolb,s2mr,APPROVED,4,1297
yonaskolb,LouisLWang,MERGE,5,1294
yonaskolb,LouisLWang,COMMENTED,4,1294
yonaskolb,LouisLWang,COMMENTED,4,1294
yonaskolb,LouisLWang,APPROVED,4,1294
yonaskolb,ma-oli,MERGE,5,1275
yonaskolb,ma-oli,APPROVED,4,1275
yonaskolb,skofgar,MERGE,5,1270
yonaskolb,skofgar,APPROVED,4,1270
yonaskolb,CraigSiemens,MERGE,5,1262
ma-oli,CraigSiemens,COMMENTED,4,1262
ma-oli,CraigSiemens,CHANGES_REQUESTED,4,1262
ma-oli,CraigSiemens,APPROVED,4,1262
yonaskolb,CraigSiemens,APPROVED,4,1262
yonaskolb,bsudekum,MERGE,5,1251
keith,bsudekum,COMMENTED,4,1251
keith,bsudekum,COMMENTED,4,1251
keith,bsudekum,COMMENTED,4,1251
keith,bsudekum,COMMENTED,4,1251
keith,bsudekum,COMMENTED,4,1251
keith,bsudekum,APPROVED,4,1251
yonaskolb,bsudekum,APPROVED,4,1251
yonaskolb,CraigSiemens,MERGE,5,1250
yonaskolb,CraigSiemens,APPROVED,4,1250
yonaskolb,SSheldon,MERGE,5,1245
yonaskolb,SSheldon,APPROVED,4,1245
yonaskolb,Shinolr,MERGE,5,1243
freddi-kit,Shinolr,APPROVED,4,1243
yonaskolb,freddi-kit,MERGE,5,1242
giginet,freddi-kit,COMMENTED,4,1242
yonaskolb,freddi-kit,COMMENTED,4,1242
yonaskolb,freddi-kit,APPROVED,4,1242
yonaskolb,hisaac,MERGE,5,1240
yonaskolb,hisaac,APPROVED,4,1240
yonaskolb,antonsergeev88,MERGE,5,1237
freddi-kit,antonsergeev88,APPROVED,4,1237
yonaskolb,antonsergeev88,APPROVED,4,1237
yonaskolb,aleksproger,MERGE,5,1234
yonaskolb,aleksproger,COMMENTED,4,1234
yonaskolb,aleksproger,APPROVED,4,1234
yonaskolb,mtj0928,MERGE,5,1230
freddi-kit,mtj0928,APPROVED,4,1230
freddi-kit,mtj0928,COMMENTED,4,1230
yonaskolb,mtj0928,APPROVED,4,1230
freddi-kit,mtj0928,APPROVED,4,1230
yonaskolb,mtj0928,APPROVED,4,1230
yonaskolb,aleksproger,MERGE,5,1228
yonaskolb,jpsim,MERGE,5,1221
keith,jpsim,APPROVED,4,1221
yonaskolb,jpsim,CHANGES_REQUESTED,4,1221
yonaskolb,jpsim,APPROVED,4,1221
yonaskolb,lucabartoletti,MERGE,5,1219
yonaskolb,lucabartoletti,APPROVED,4,1219
yonaskolb,markst,MERGE,5,1218
yonaskolb,markst,APPROVED,4,1218
yonaskolb,hiragram,MERGE,5,1202
freddi-kit,hiragram,APPROVED,4,1202
giginet,hiragram,APPROVED,4,1202
yonaskolb,hiragram,APPROVED,4,1202
yonaskolb,tr1ckyf0x,MERGE,5,1198
Dm94st,tr1ckyf0x,APPROVED,4,1198
Dm94st,tr1ckyf0x,APPROVED,4,1198
yonaskolb,tr1ckyf0x,APPROVED,4,1198
yonaskolb,alvarhansen,MERGE,5,1197
yonaskolb,alvarhansen,COMMENTED,4,1197
yonaskolb,alvarhansen,APPROVED,4,1197
yonaskolb,hakkurishian,MERGE,5,1191
yonaskolb,hakkurishian,COMMENTED,4,1191
yonaskolb,hakkurishian,APPROVED,4,1191
yonaskolb,gabriellanata,MERGE,5,1189
yonaskolb,gabriellanata,COMMENTED,4,1189
yonaskolb,gabriellanata,APPROVED,4,1189
hakkurishian,dalemyers,APPROVED,4,1187
yonaskolb,dalemyers,COMMENTED,4,1187
tr1ckyf0x,dalemyers,APPROVED,4,1187
yonaskolb,evandcoleman,MERGE,5,1185
yonaskolb,evandcoleman,APPROVED,4,1185
yonaskolb,tr1ckyf0x,MERGE,5,1181
Alptwo,tr1ckyf0x,APPROVED,4,1181
Dm94st,tr1ckyf0x,APPROVED,4,1181
Alptwo,tr1ckyf0x,APPROVED,4,1181
yonaskolb,tr1ckyf0x,COMMENTED,4,1181
yonaskolb,tr1ckyf0x,APPROVED,4,1181
yonaskolb,bimawa,MERGE,5,1179
yonaskolb,bimawa,COMMENTED,4,1179
yonaskolb,bimawa,COMMENTED,4,1179
yonaskolb,bimawa,APPROVED,4,1179
yonaskolb,John-Connolly,MERGE,5,1175
yonaskolb,John-Connolly,COMMENTED,4,1175
yonaskolb,John-Connolly,APPROVED,4,1175
freddi-kit,skofgar,COMMENTED,4,1170
yonaskolb,freddi-kit,MERGE,5,1169
kateinoigakukun,freddi-kit,APPROVED,4,1169
yonaskolb,freddi-kit,APPROVED,4,1169
yonaskolb,zenangst,COMMENTED,4,1154
yonaskolb,KrisRJack,MERGE,5,1153
yonaskolb,KrisRJack,COMMENTED,4,1153
yonaskolb,KrisRJack,APPROVED,4,1153
yonaskolb,wendyliga,MERGE,5,1142
yonaskolb,wendyliga,COMMENTED,4,1142
teameh,wendyliga,COMMENTED,4,1142
yonaskolb,wendyliga,COMMENTED,4,1142
yonaskolb,wendyliga,COMMENTED,4,1142
yonaskolb,wendyliga,COMMENTED,4,1142
yonaskolb,wendyliga,COMMENTED,4,1142
teameh,wendyliga,COMMENTED,4,1142
teameh,wendyliga,COMMENTED,4,1142
teameh,wendyliga,COMMENTED,4,1142
teameh,wendyliga,COMMENTED,4,1142
teameh,wendyliga,COMMENTED,4,1142
yonaskolb,wendyliga,APPROVED,4,1142
yonaskolb,SofteqDG,MERGE,5,1135
yonaskolb,SofteqDG,COMMENTED,4,1135
yonaskolb,yimajo,MERGE,5,1134
freddi-kit,yimajo,APPROVED,4,1134
yonaskolb,yimajo,APPROVED,4,1134
yonaskolb,mthole,MERGE,5,1130
freddi-kit,mthole,COMMENTED,4,1130
freddi-kit,mthole,COMMENTED,4,1130
freddi-kit,mthole,APPROVED,4,1130
freddi-kit,mthole,COMMENTED,4,1130
freddi-kit,mthole,COMMENTED,4,1130
freddi-kit,mthole,COMMENTED,4,1130
freddi-kit,mthole,COMMENTED,4,1130
yonaskolb,mthole,COMMENTED,4,1130
yonaskolb,mthole,COMMENTED,4,1130
yonaskolb,mthole,APPROVED,4,1130
freddi-kit,raptorxcz,COMMENTED,4,1129
freddi-kit,raptorxcz,APPROVED,4,1129
freddi-kit,raptorxcz,COMMENTED,4,1129
freddi-kit,raptorxcz,COMMENTED,4,1129
yonaskolb,nnsnodnb,MERGE,5,1125
yonaskolb,nnsnodnb,COMMENTED,4,1125
yonaskolb,nnsnodnb,APPROVED,4,1125
yonaskolb,raptorxcz,MERGE,5,1123
yonaskolb,raptorxcz,APPROVED,4,1123
yonaskolb,PaulTaykalo,MERGE,5,1122
yonaskolb,PaulTaykalo,COMMENTED,4,1122
yonaskolb,PaulTaykalo,COMMENTED,4,1122
yonaskolb,PaulTaykalo,APPROVED,4,1122
yonaskolb,adamawolf,MERGE,5,1115
yonaskolb,adamawolf,APPROVED,4,1115
yonaskolb,namolnad,MERGE,5,1112
yonaskolb,namolnad,COMMENTED,4,1112
yonaskolb,namolnad,APPROVED,4,1112
yonaskolb,RomanPodymov,MERGE,5,1107
yonaskolb,RomanPodymov,APPROVED,4,1107
yonaskolb,kateinoigakukun,MERGE,5,1104
yonaskolb,kateinoigakukun,COMMENTED,4,1104
yonaskolb,kateinoigakukun,APPROVED,4,1104
yonaskolb,knothed,MERGE,5,1096
yonaskolb,knothed,APPROVED,4,1096
yonaskolb,vgorloff,MERGE,5,1094
yonaskolb,vgorloff,COMMENTED,4,1094
yonaskolb,vgorloff,APPROVED,4,1094
yonaskolb,brevansio,MERGE,5,1091
yonaskolb,brevansio,APPROVED,4,1091
yonaskolb,daltonclaybrook,MERGE,5,1087
yonaskolb,daltonclaybrook,COMMENTED,4,1087
yonaskolb,daltonclaybrook,APPROVED,4,1087
freddi-kit,platysma,COMMENTED,4,1085
freddi-kit,platysma,APPROVED,4,1085
yonaskolb,platysma,COMMENTED,4,1085
yonaskolb,elliottwilliams,MERGE,5,1081
yonaskolb,elliottwilliams,APPROVED,4,1081
yonaskolb,elliottwilliams,APPROVED,4,1081
yonaskolb,DavidWoohyunLee,MERGE,5,1078
yonaskolb,DavidWoohyunLee,COMMENTED,4,1078
yonaskolb,DavidWoohyunLee,COMMENTED,4,1078
yonaskolb,freddi-kit,MERGE,5,1075
yonaskolb,freddi-kit,APPROVED,4,1075
giginet,freddi-kit,COMMENTED,4,1074
kateinoigakukun,freddi-kit,CHANGES_REQUESTED,4,1074
yonaskolb,freddi-kit,COMMENTED,4,1074
yonaskolb,freddi-kit,COMMENTED,4,1074
tww0003,freddi-kit,COMMENTED,4,1074
skofgar,freddi-kit,COMMENTED,4,1074
fousa,freddi-kit,COMMENTED,4,1074
freddi-kit,yonaskolb,APPROVED,4,1072
freddi-kit,yonaskolb,COMMENTED,4,1072
yonaskolb,yanamura,MERGE,5,1067
yonaskolb,yanamura,COMMENTED,4,1067
yonaskolb,yanamura,COMMENTED,4,1067
yonaskolb,yanamura,COMMENTED,4,1067
yonaskolb,yanamura,APPROVED,4,1067
yonaskolb,yanamura,MERGE,5,1065
yonaskolb,yanamura,APPROVED,4,1065
yonaskolb,freddi-kit,MERGE,5,1064
yonaskolb,freddi-kit,APPROVED,4,1064
yonaskolb,elliottwilliams,MERGE,5,1057
freddi-kit,elliottwilliams,COMMENTED,4,1057
yonaskolb,elliottwilliams,COMMENTED,4,1057
yonaskolb,elliottwilliams,APPROVED,4,1057
freddi-kit,d-date,APPROVED,4,1049
yonaskolb,elliottwilliams,MERGE,5,1041
yonaskolb,elliottwilliams,COMMENTED,4,1041
yonaskolb,elliottwilliams,COMMENTED,4,1041
yonaskolb,elliottwilliams,APPROVED,4,1041
yonaskolb,dalemyers,MERGE,5,1040
freddi-kit,dalemyers,APPROVED,4,1040
yonaskolb,dalemyers,APPROVED,4,1040
yonaskolb,JakubBednar,MERGE,5,1039
freddi-kit,JakubBednar,COMMENTED,4,1039
freddi-kit,JakubBednar,COMMENTED,4,1039
yonaskolb,JakubBednar,COMMENTED,4,1039
yonaskolb,JakubBednar,CHANGES_REQUESTED,4,1039
yonaskolb,freddi-kit,MERGE,5,1036
yonaskolb,freddi-kit,COMMENTED,4,1036
yonaskolb,freddi-kit,COMMENTED,4,1036
yonaskolb,freddi-kit,COMMENTED,4,1036
yonaskolb,freddi-kit,COMMENTED,4,1036
yonaskolb,freddi-kit,APPROVED,4,1036
yonaskolb,freddi-kit,MERGE,5,1035
yonaskolb,freddi-kit,APPROVED,4,1035
yonaskolb,liamnichols,MERGE,5,1027
yonaskolb,liamnichols,COMMENTED,4,1027
yonaskolb,liamnichols,COMMENTED,4,1027
yonaskolb,liamnichols,COMMENTED,4,1027
freddi-kit,liamnichols,COMMENTED,4,1027
freddi-kit,liamnichols,COMMENTED,4,1027
yonaskolb,liamnichols,APPROVED,4,1027
yonaskolb,jcolicchio,MERGE,5,1026
liamnichols,jcolicchio,APPROVED,4,1026
yonaskolb,jcolicchio,APPROVED,4,1026
yonaskolb,thii,MERGE,5,1024
yonaskolb,thii,COMMENTED,4,1024
yonaskolb,thii,APPROVED,4,1024
toshi0383,thii,COMMENTED,4,1024
yonaskolb,FranzBusch,MERGE,5,1015
yonaskolb,FranzBusch,COMMENTED,4,1015
yonaskolb,Andre113,MERGE,5,1013
yonaskolb,Andre113,COMMENTED,4,1013
yonaskolb,polac24,MERGE,5,1012
yonaskolb,polac24,APPROVED,4,1012
yonaskolb,literalpie,MERGE,5,1011
yonaskolb,literalpie,APPROVED,4,1011
yonaskolb,mrabiciu,MERGE,5,1003
yonaskolb,mrabiciu,COMMENTED,4,1003
yonaskolb,mrabiciu,APPROVED,4,1003
yonaskolb,elliottwilliams,MERGE,5,995
yonaskolb,elliottwilliams,APPROVED,4,995
yonaskolb,myihsan,MERGE,5,993
yonaskolb,myihsan,MERGE,5,992
brentleyjones,myihsan,APPROVED,4,992
yonaskolb,myihsan,APPROVED,4,992
yonaskolb,bannzai,MERGE,5,990
giginet,bannzai,COMMENTED,4,990
giginet,bannzai,APPROVED,4,990
yonaskolb,bannzai,COMMENTED,4,990
yonaskolb,bannzai,APPROVED,4,990
yonaskolb,elliottwilliams,MERGE,5,988
yonaskolb,elliottwilliams,COMMENTED,4,988
yonaskolb,elliottwilliams,APPROVED,4,988
yonaskolb,swiftty,MERGE,5,984
brentleyjones,swiftty,APPROVED,4,984
yonaskolb,swiftty,APPROVED,4,984
yonaskolb,jcolicchio,MERGE,5,982
yonaskolb,jcolicchio,COMMENTED,4,982
yonaskolb,jcolicchio,APPROVED,4,982
yonaskolb,jcolicchio,MERGE,5,981
yonaskolb,jcolicchio,COMMENTED,4,981
yonaskolb,jcolicchio,APPROVED,4,981
yonaskolb,stefanomondino,MERGE,5,976
yonaskolb,stefanomondino,COMMENTED,4,976
yonaskolb,stefanomondino,COMMENTED,4,976
yonaskolb,stefanomondino,COMMENTED,4,976
yonaskolb,stefanomondino,COMMENTED,4,976
yonaskolb,stefanomondino,COMMENTED,4,976
yonaskolb,stefanomondino,COMMENTED,4,976
yonaskolb,stefanomondino,APPROVED,4,976
yonaskolb,alvarhansen,MERGE,5,974
yonaskolb,alvarhansen,APPROVED,4,974
yonaskolb,jcolicchio,MERGE,5,973
yonaskolb,jcolicchio,COMMENTED,4,973
yonaskolb,jcolicchio,APPROVED,4,973
yonaskolb,joshwalker,MERGE,5,967
brentleyjones,joshwalker,APPROVED,4,967
yonaskolb,joshwalker,APPROVED,4,967
yonaskolb,jcolicchio,MERGE,5,964
gemmakbarlow,jcolicchio,APPROVED,4,964
gemmakbarlow,jcolicchio,COMMENTED,4,964
gemmakbarlow,jcolicchio,COMMENTED,4,964
yonaskolb,jcolicchio,COMMENTED,4,964
yonaskolb,jcolicchio,COMMENTED,4,964
yonaskolb,jcolicchio,COMMENTED,4,964
yonaskolb,jcolicchio,APPROVED,4,964
liamnichols,jcolicchio,COMMENTED,4,964
liamnichols,jcolicchio,COMMENTED,4,964
yonaskolb,ken0nek,MERGE,5,962
yonaskolb,ken0nek,APPROVED,4,962
yonaskolb,liamnichols,MERGE,5,961
yonaskolb,liamnichols,APPROVED,4,961
yonaskolb,codeman9,MERGE,5,957
keith,codeman9,APPROVED,4,957
yonaskolb,codeman9,APPROVED,4,957
yonaskolb,hagmas,MERGE,5,956
yonaskolb,hagmas,APPROVED,4,956
yonaskolb,liamnichols,MERGE,5,955
yonaskolb,liamnichols,APPROVED,4,955
yonaskolb,liamnichols,MERGE,5,953
yonaskolb,liamnichols,COMMENTED,4,953
yonaskolb,liamnichols,COMMENTED,4,953
yonaskolb,liamnichols,APPROVED,4,953
yonaskolb,rinsuki,MERGE,5,952
yonaskolb,rinsuki,APPROVED,4,952
yonaskolb,raptorxcz,MERGE,5,951
davidrothera,raptorxcz,APPROVED,4,951
yonaskolb,raptorxcz,COMMENTED,4,951
yonaskolb,raptorxcz,COMMENTED,4,951
yonaskolb,raptorxcz,COMMENTED,4,951
yonaskolb,raptorxcz,COMMENTED,4,951
yonaskolb,raptorxcz,COMMENTED,4,951
yonaskolb,raptorxcz,COMMENTED,4,951
yonaskolb,raptorxcz,COMMENTED,4,951
freddi-kit,raptorxcz,COMMENTED,4,951
yonaskolb,sascha,MERGE,5,950
yonaskolb,sascha,COMMENTED,4,950
yonaskolb,sascha,APPROVED,4,950
yonaskolb,RomanPodymov,MERGE,5,948
yonaskolb,RomanPodymov,APPROVED,4,948
yonaskolb,anivaros,MERGE,5,945
yonaskolb,anivaros,COMMENTED,4,945
yonaskolb,daltonclaybrook,MERGE,5,942
yonaskolb,daltonclaybrook,COMMENTED,4,942
yonaskolb,daltonclaybrook,COMMENTED,4,942
yonaskolb,daltonclaybrook,COMMENTED,4,942
yonaskolb,daltonclaybrook,APPROVED,4,942
Hally21,daltonclaybrook,COMMENTED,4,942
yonaskolb,dflems,MERGE,5,936
yonaskolb,dflems,COMMENTED,4,936
brentleyjones,dflems,APPROVED,4,936
yonaskolb,dflems,COMMENTED,4,936
yonaskolb,dflems,COMMENTED,4,936
yonaskolb,dflems,APPROVED,4,936
yonaskolb,brentleyjones,MERGE,5,932
yonaskolb,pvinis,MERGE,5,931
brentleyjones,pvinis,APPROVED,4,931
yonaskolb,kant,MERGE,5,930
yonaskolb,kant,APPROVED,4,930
yonaskolb,polac24,MERGE,5,929
keith,polac24,APPROVED,4,929
yonaskolb,polac24,APPROVED,4,929
yonaskolb,tokizuoh,MERGE,5,928
yonaskolb,tokizuoh,COMMENTED,4,928
yonaskolb,tokizuoh,APPROVED,4,928
yonaskolb,tokizuoh,MERGE,5,926
yonaskolb,tokizuoh,APPROVED,4,926
yonaskolb,pvinis,MERGE,5,923
yonaskolb,pvinis,APPROVED,4,923
yonaskolb,k-thorat,MERGE,5,922
yonaskolb,k-thorat,COMMENTED,4,922
yonaskolb,k-thorat,MERGE,5,920
yonaskolb,k-thorat,APPROVED,4,920
yonaskolb,tcamin,COMMENTED,4,918
brentleyjones,dflems,MERGE,5,917
brentleyjones,dflems,COMMENTED,4,917
brentleyjones,dflems,COMMENTED,4,917
brentleyjones,dflems,APPROVED,4,917
yonaskolb,codeman9,MERGE,5,916
yonaskolb,codeman9,COMMENTED,4,916
yonaskolb,codeman9,APPROVED,4,916
yonaskolb,andrewreach,MERGE,5,915
brentleyjones,andrewreach,APPROVED,4,915
yonaskolb,andrewreach,APPROVED,4,915
yonaskolb,ooodin,MERGE,5,913
yonaskolb,ooodin,COMMENTED,4,913
brentleyjones,ooodin,COMMENTED,4,913
yonaskolb,jsorge,MERGE,5,912
yonaskolb,jsorge,COMMENTED,4,912
yonaskolb,jsorge,APPROVED,4,912
yonaskolb,brentleyjones,MERGE,5,909
dflems,brentleyjones,COMMENTED,4,909
yonaskolb,brentleyjones,APPROVED,4,909
yonaskolb,brentleyjones,APPROVED,4,909
yonaskolb,brentleyjones,MERGE,5,908
yonaskolb,brentleyjones,APPROVED,4,908
yonaskolb,muizidn,MERGE,5,899
yonaskolb,muizidn,COMMENTED,4,899
yonaskolb,muizidn,COMMENTED,4,899
yonaskolb,muizidn,COMMENTED,4,899
yonaskolb,muizidn,COMMENTED,4,899
yonaskolb,muizidn,COMMENTED,4,899
yonaskolb,muizidn,COMMENTED,4,899
yonaskolb,muizidn,APPROVED,4,899
yonaskolb,KhaosT,MERGE,5,896
brentleyjones,KhaosT,COMMENTED,4,896
brentleyjones,KhaosT,APPROVED,4,896
toshi0383,KhaosT,APPROVED,4,896
brentleyjones,KhaosT,COMMENTED,4,896
yonaskolb,KhaosT,COMMENTED,4,896
yonaskolb,KhaosT,APPROVED,4,896
keith,segiddins,MERGE,5,892
yonaskolb,segiddins,COMMENTED,4,892
yonaskolb,segiddins,COMMENTED,4,892
yonaskolb,segiddins,COMMENTED,4,892
yonaskolb,segiddins,COMMENTED,4,892
yonaskolb,segiddins,COMMENTED,4,892
yonaskolb,segiddins,APPROVED,4,892
keith,segiddins,APPROVED,4,892
yonaskolb,maciejpiotrowski89,MERGE,5,884
brentleyjones,maciejpiotrowski89,APPROVED,4,884
yonaskolb,maciejpiotrowski89,APPROVED,4,884
yonaskolb,jerrymarino,MERGE,5,883
bolsinga,jerrymarino,APPROVED,4,883
brentleyjones,jerrymarino,APPROVED,4,883
yonaskolb,jerrymarino,APPROVED,4,883
yonaskolb,nkukushkin,MERGE,5,878
yonaskolb,SShayashi,MERGE,5,876
brentleyjones,SShayashi,APPROVED,4,876
Overcot,SShayashi,APPROVED,4,876
yonaskolb,SShayashi,APPROVED,4,876
brentleyjones,pinda,MERGE,5,875
yonaskolb,pinda,APPROVED,4,875
yonaskolb,pinda,COMMENTED,4,875
brentleyjones,pinda,APPROVED,4,875
brentleyjones,igor-makarov,MERGE,5,872
brentleyjones,igor-makarov,APPROVED,4,872
brentleyjones,pinda,MERGE,5,871
brentleyjones,pinda,COMMENTED,4,871
elland,pinda,COMMENTED,4,871
elland,pinda,COMMENTED,4,871
brentleyjones,pinda,COMMENTED,4,871
brentleyjones,pinda,COMMENTED,4,871
brentleyjones,pinda,APPROVED,4,871
yonaskolb,pinda,COMMENTED,4,871
brentleyjones,elland,MERGE,5,869
brentleyjones,elland,COMMENTED,4,869
brentleyjones,elland,COMMENTED,4,869
brentleyjones,elland,COMMENTED,4,869
brentleyjones,elland,APPROVED,4,869
maciejpiotrowski89,elland,COMMENTED,4,869
maciejpiotrowski89,elland,COMMENTED,4,869
maciejpiotrowski89,elland,COMMENTED,4,869
brentleyjones,elland,MERGE,5,866
BilalReffas,elland,APPROVED,4,866
mrabiciu,elland,APPROVED,4,866
brentleyjones,elland,APPROVED,4,866
brentleyjones,KhaosT,MERGE,5,862
brentleyjones,KhaosT,APPROVED,4,862
yonaskolb,maciejpiotrowski89,MERGE,5,858
yonaskolb,maciejpiotrowski89,APPROVED,4,858
brentleyjones,akkyie,MERGE,5,857
brentleyjones,akkyie,COMMENTED,4,857
brentleyjones,akkyie,APPROVED,4,857
brentleyjones,akkyie,MERGE,5,853
brentleyjones,akkyie,APPROVED,4,853
brentleyjones,akkyie,APPROVED,4,853
yonaskolb,jeffctown,MERGE,5,852
yonaskolb,jeffctown,APPROVED,4,852
yonaskolb,jeffctown,COMMENTED,4,852
yonaskolb,jeffctown,APPROVED,4,852
brentleyjones,jeffctown,MERGE,5,851
brentleyjones,jeffctown,APPROVED,4,851
yonaskolb,akkyie,MERGE,5,849
yonaskolb,akkyie,APPROVED,4,849
brentleyjones,d-date,MERGE,5,847
brentleyjones,d-date,APPROVED,4,847
brentleyjones,d-date,APPROVED,4,847
armintelker,omares,COMMENTED,4,846
brentleyjones,ileitch,MERGE,5,843
brentleyjones,ileitch,APPROVED,4,843
brentleyjones,ileitch,MERGE,5,842
brentleyjones,ileitch,APPROVED,4,842
yonaskolb,maciejpiotrowski89,MERGE,5,840
yonaskolb,maciejpiotrowski89,APPROVED,4,840
brentleyjones,skirchmeier,MERGE,5,838
brentleyjones,skirchmeier,APPROVED,4,838
yonaskolb,brentleyjones,COMMENTED,4,835
yonaskolb,brentleyjones,APPROVED,4,835
yonaskolb,jcolicchio,MERGE,5,834
yonaskolb,jcolicchio,APPROVED,4,834
yonaskolb,brentleyjones,COMMENTED,4,832
yonaskolb,brentleyjones,COMMENTED,4,832
yonaskolb,ileitch,MERGE,5,831
yonaskolb,ileitch,APPROVED,4,831
yonaskolb,toshi0383,MERGE,5,830
yonaskolb,toshi0383,APPROVED,4,830
yonaskolb,funzin,MERGE,5,829
yonaskolb,funzin,COMMENTED,4,829
yonaskolb,funzin,APPROVED,4,829
brentleyjones,ileitch,MERGE,5,828
brentleyjones,ileitch,APPROVED,4,828
yonaskolb,ileitch,MERGE,5,827
yonaskolb,ileitch,COMMENTED,4,827
yonaskolb,ileitch,APPROVED,4,827
brentleyjones,asifmohd,MERGE,5,826
brentleyjones,asifmohd,COMMENTED,4,826
brentleyjones,asifmohd,APPROVED,4,826
brentleyjones,scelis,MERGE,5,824
brentleyjones,scelis,APPROVED,4,824
yonaskolb,brentleyjones,MERGE,5,823
yonaskolb,brentleyjones,APPROVED,4,823
yonaskolb,soffes,MERGE,5,822
brentleyjones,acecilia,MERGE,5,820
yonaskolb,acecilia,COMMENTED,4,820
brentleyjones,acecilia,COMMENTED,4,820
brentleyjones,acecilia,COMMENTED,4,820
yonaskolb,acecilia,COMMENTED,4,820
brentleyjones,acecilia,COMMENTED,4,820
brentleyjones,acecilia,APPROVED,4,820
yonaskolb,acecilia,MERGE,5,819
yonaskolb,acecilia,CHANGES_REQUESTED,4,819
yonaskolb,acecilia,APPROVED,4,819
yonaskolb,ElfSundae,MERGE,5,818
yonaskolb,ElfSundae,APPROVED,4,818
yonaskolb,evandcoleman,MERGE,5,810
yonaskolb,evandcoleman,APPROVED,4,810
yonaskolb,freddi-kit,MERGE,5,808
yonaskolb,freddi-kit,COMMENTED,4,808
yonaskolb,freddi-kit,COMMENTED,4,808
yonaskolb,freddi-kit,COMMENTED,4,808
yonaskolb,freddi-kit,APPROVED,4,808
yonaskolb,kateinoigakukun,MERGE,5,805
yonaskolb,kateinoigakukun,APPROVED,4,805
yonaskolb,innocarpe,MERGE,5,804
yonaskolb,innocarpe,APPROVED,4,804
brentleyjones,michaeleisel,MERGE,5,803
yonaskolb,ionutivan,MERGE,5,799
yonaskolb,ionutivan,COMMENTED,4,799
yonaskolb,ionutivan,COMMENTED,4,799
brentleyjones,ionutivan,COMMENTED,4,799
yonaskolb,ionutivan,APPROVED,4,799
brentleyjones,daltonclaybrook,MERGE,5,798
brentleyjones,daltonclaybrook,COMMENTED,4,798
brentleyjones,daltonclaybrook,APPROVED,4,798
yonaskolb,freddi-kit,MERGE,5,796
giginet,freddi-kit,APPROVED,4,796
yonaskolb,freddi-kit,COMMENTED,4,796
yonaskolb,freddi-kit,COMMENTED,4,796
yonaskolb,freddi-kit,COMMENTED,4,796
brentleyjones,ken0nek,MERGE,5,793
brentleyjones,ken0nek,APPROVED,4,793
brentleyjones,ken0nek,MERGE,5,792
brentleyjones,ken0nek,APPROVED,4,792
yonaskolb,bryansum,MERGE,5,791
yonaskolb,bryansum,APPROVED,4,791
yonaskolb,ken0nek,COMMENTED,4,790
yonaskolb,alexruperez,MERGE,5,788
yonaskolb,alexruperez,APPROVED,4,788
kateinoigakukun,ken0nek,MERGE,5,787
kateinoigakukun,ken0nek,APPROVED,4,787
yonaskolb,liamnichols,MERGE,5,775
yonaskolb,liamnichols,APPROVED,4,775
Overcot,toshi0383,APPROVED,4,772
brentleyjones,Lutzifer,MERGE,5,765
brentleyjones,Lutzifer,APPROVED,4,765
toshi0383,yonaskolb,APPROVED,4,759
kateinoigakukun,yonaskolb,APPROVED,4,759
brentleyjones,basvankuijck,MERGE,5,756
brentleyjones,basvankuijck,COMMENTED,4,756
brentleyjones,basvankuijck,APPROVED,4,756
brentleyjones,basvankuijck,MERGE,5,755
brentleyjones,basvankuijck,APPROVED,4,755
yonaskolb,sipao,MERGE,5,753
yonaskolb,sipao,CHANGES_REQUESTED,4,753
yonaskolb,sipao,COMMENTED,4,753
yonaskolb,sipao,COMMENTED,4,753
yonaskolb,sipao,APPROVED,4,753
yonaskolb,john-flanagan,MERGE,5,752
yonaskolb,john-flanagan,APPROVED,4,752
yonaskolb,PycKamil,MERGE,5,751
yonaskolb,PycKamil,APPROVED,4,751
yonaskolb,ikesyo,MERGE,5,744
giginet,ikesyo,APPROVED,4,744
yonaskolb,kateinoigakukun,MERGE,5,740
yonaskolb,kateinoigakukun,APPROVED,4,740
yonaskolb,namolnad,MERGE,5,739
yonaskolb,namolnad,COMMENTED,4,739
yonaskolb,namolnad,APPROVED,4,739
brentleyjones,tbaranes,MERGE,5,734
brentleyjones,tbaranes,APPROVED,4,734
yonaskolb,FranzBusch,MERGE,5,728
yonaskolb,FranzBusch,COMMENTED,4,728
yonaskolb,FranzBusch,APPROVED,4,728
yonaskolb,FranzBusch,APPROVED,4,728
brentleyjones,tid-kijyun,MERGE,5,726
brentleyjones,tid-kijyun,COMMENTED,4,726
yonaskolb,tid-kijyun,COMMENTED,4,726
brentleyjones,tid-kijyun,COMMENTED,4,726
brentleyjones,tid-kijyun,COMMENTED,4,726
yonaskolb,tid-kijyun,COMMENTED,4,726
yonaskolb,tid-kijyun,COMMENTED,4,726
brentleyjones,tid-kijyun,APPROVED,4,726
kateinoigakukun,ken0nek,MERGE,5,725
brentleyjones,ken0nek,APPROVED,4,725
yonaskolb,kateinoigakukun,MERGE,5,723
yonaskolb,kateinoigakukun,COMMENTED,4,723
yonaskolb,kateinoigakukun,COMMENTED,4,723
yonaskolb,kateinoigakukun,COMMENTED,4,723
yonaskolb,kateinoigakukun,COMMENTED,4,723
yonaskolb,kateinoigakukun,APPROVED,4,723
brentleyjones,giginet,APPROVED,4,720
yonaskolb,giginet,COMMENTED,4,720
giginet,RomanPodymov,COMMENTED,4,719
giginet,RomanPodymov,APPROVED,4,719
giginet,yonaskolb,APPROVED,4,716
giginet,yonaskolb,COMMENTED,4,716
brentleyjones,rcari,MERGE,5,707
brentleyjones,rcari,CHANGES_REQUESTED,4,707
brentleyjones,rcari,APPROVED,4,707
brentleyjones,rcari,MERGE,5,706
brentleyjones,rcari,COMMENTED,4,706
brentleyjones,rcari,COMMENTED,4,706
brentleyjones,rcari,APPROVED,4,706
brentleyjones,wag-miles,MERGE,5,705
brentleyjones,wag-miles,COMMENTED,4,705
brentleyjones,wag-miles,APPROVED,4,705
brentleyjones,rcari,MERGE,5,704
brentleyjones,rcari,CHANGES_REQUESTED,4,704
brentleyjones,rcari,CHANGES_REQUESTED,4,704
yonaskolb,rcari,COMMENTED,4,704
yonaskolb,rcari,COMMENTED,4,704
yonaskolb,rcari,COMMENTED,4,704
brentleyjones,rcari,APPROVED,4,704
brentleyjones,rcari,MERGE,5,703
brentleyjones,rcari,APPROVED,4,703
yonaskolb,evandcoleman,MERGE,5,701
yonaskolb,evandcoleman,CHANGES_REQUESTED,4,701
yonaskolb,evandcoleman,COMMENTED,4,701
yonaskolb,evandcoleman,COMMENTED,4,701
yonaskolb,evandcoleman,COMMENTED,4,701
yonaskolb,evandcoleman,APPROVED,4,701
yonaskolb,kateinoigakukun,MERGE,5,700
brandtdaniels,kateinoigakukun,APPROVED,4,700
yonaskolb,kateinoigakukun,APPROVED,4,700
brentleyjones,mjarvis,MERGE,5,696
brentleyjones,mjarvis,APPROVED,4,696
yonaskolb,bryansum,MERGE,5,694
yonaskolb,bryansum,COMMENTED,4,694
yonaskolb,bryansum,APPROVED,4,694
yonaskolb,myihsan,MERGE,5,693
yonaskolb,myihsan,COMMENTED,4,693
yonaskolb,myihsan,COMMENTED,4,693
yonaskolb,myihsan,COMMENTED,4,693
yonaskolb,myihsan,COMMENTED,4,693
yonaskolb,myihsan,COMMENTED,4,693
yonaskolb,myihsan,COMMENTED,4,693
yonaskolb,myihsan,COMMENTED,4,693
yonaskolb,myihsan,COMMENTED,4,693
yonaskolb,myihsan,COMMENTED,4,693
yonaskolb,myihsan,COMMENTED,4,693
yonaskolb,myihsan,APPROVED,4,693
yonaskolb,myihsan,APPROVED,4,693
yonaskolb,mschinis,MERGE,5,690
yonaskolb,mschinis,APPROVED,4,690
yonaskolb,FranzBusch,MERGE,5,689
giginet,FranzBusch,APPROVED,4,689
giginet,FranzBusch,COMMENTED,4,689
giginet,FranzBusch,COMMENTED,4,689
yonaskolb,FranzBusch,APPROVED,4,689
brentleyjones,giginet,MERGE,5,688
brentleyjones,giginet,COMMENTED,4,688
brentleyjones,giginet,COMMENTED,4,688
brentleyjones,giginet,APPROVED,4,688
yonaskolb,giginet,COMMENTED,4,688
yonaskolb,giginet,COMMENTED,4,688
yonaskolb,giginet,COMMENTED,4,688
brentleyjones,giginet,CHANGES_REQUESTED,4,688
brentleyjones,giginet,APPROVED,4,688
giginet,yonaskolb,APPROVED,4,685
yonaskolb,giginet,APPROVED,4,683
yonaskolb,giginet,COMMENTED,4,681
kateinoigakukun,giginet,COMMENTED,4,681
yonaskolb,giginet,COMMENTED,4,681
kateinoigakukun,giginet,COMMENTED,4,681
yonaskolb,giginet,COMMENTED,4,681
brentleyjones,giginet,APPROVED,4,681
yonaskolb,nivanchikov,MERGE,5,679
yonaskolb,nivanchikov,APPROVED,4,679
yonaskolb,giginet,MERGE,5,673
yonaskolb,giginet,APPROVED,4,673
yonaskolb,bclymer,MERGE,5,672
yonaskolb,bclymer,COMMENTED,4,672
yonaskolb,bclymer,COMMENTED,4,672
yonaskolb,bclymer,APPROVED,4,672
yonaskolb,ChristopherRogers,MERGE,5,671
giginet,ChristopherRogers,COMMENTED,4,671
yonaskolb,ChristopherRogers,COMMENTED,4,671
giginet,ChristopherRogers,COMMENTED,4,671
yonaskolb,ChristopherRogers,COMMENTED,4,671
yonaskolb,ChristopherRogers,COMMENTED,4,671
yonaskolb,ChristopherRogers,COMMENTED,4,671
yonaskolb,ChristopherRogers,COMMENTED,4,671
yonaskolb,ChristopherRogers,COMMENTED,4,671
yonaskolb,ChristopherRogers,APPROVED,4,671
yonaskolb,Qusic,MERGE,5,670
yonaskolb,Qusic,APPROVED,4,670
yonaskolb,Qusic,MERGE,5,669
yonaskolb,Qusic,APPROVED,4,669
yonaskolb,giginet,MERGE,5,667
yonaskolb,giginet,COMMENTED,4,667
yonaskolb,giginet,COMMENTED,4,667
yonaskolb,giginet,APPROVED,4,667
yonaskolb,giginet,MERGE,5,666
yonaskolb,giginet,APPROVED,4,666
yonaskolb,RomanPodymov,MERGE,5,661
yonaskolb,RomanPodymov,COMMENTED,4,661
yonaskolb,RomanPodymov,APPROVED,4,661
yonaskolb,kateinoigakukun,MERGE,5,658
yonaskolb,kateinoigakukun,COMMENTED,4,658
yonaskolb,kateinoigakukun,APPROVED,4,658
yonaskolb,kateinoigakukun,MERGE,5,657
yonaskolb,kateinoigakukun,APPROVED,4,657
yonaskolb,kateinoigakukun,MERGE,5,656
yonaskolb,kateinoigakukun,COMMENTED,4,656
yonaskolb,kateinoigakukun,COMMENTED,4,656
yonaskolb,kateinoigakukun,APPROVED,4,656
yonaskolb,kateinoigakukun,MERGE,5,655
yonaskolb,kateinoigakukun,COMMENTED,4,655
giginet,kateinoigakukun,COMMENTED,4,655
yonaskolb,kateinoigakukun,COMMENTED,4,655
yonaskolb,kateinoigakukun,COMMENTED,4,655
giginet,kateinoigakukun,COMMENTED,4,655
giginet,kateinoigakukun,COMMENTED,4,655
yonaskolb,kateinoigakukun,COMMENTED,4,655
giginet,kateinoigakukun,COMMENTED,4,655
yonaskolb,kateinoigakukun,COMMENTED,4,655
yonaskolb,kateinoigakukun,APPROVED,4,655
yonaskolb,kateinoigakukun,MERGE,5,654
yonaskolb,kateinoigakukun,APPROVED,4,654
yonaskolb,kateinoigakukun,MERGE,5,651
yonaskolb,kateinoigakukun,APPROVED,4,651
yonaskolb,kateinoigakukun,MERGE,5,650
yonaskolb,kateinoigakukun,APPROVED,4,650
yonaskolb,bclymer,MERGE,5,644
yonaskolb,bclymer,COMMENTED,4,644
yonaskolb,bclymer,APPROVED,4,644
yonaskolb,bclymer,MERGE,5,636
yonaskolb,bclymer,COMMENTED,4,636
yonaskolb,bclymer,APPROVED,4,636
yonaskolb,bclymer,APPROVED,4,636
brentleyjones,kateinoigakukun,MERGE,5,635
brentleyjones,kateinoigakukun,CHANGES_REQUESTED,4,635
brentleyjones,kateinoigakukun,APPROVED,4,635
brentleyjones,yosshi4486,MERGE,5,634
brentleyjones,yosshi4486,COMMENTED,4,634
brentleyjones,yosshi4486,CHANGES_REQUESTED,4,634
brentleyjones,yosshi4486,APPROVED,4,634
yonaskolb,keith,MERGE,5,627
yonaskolb,keith,APPROVED,4,627
toshi0383,yonaskolb,APPROVED,4,624
brentleyjones,yonaskolb,COMMENTED,4,624
brentleyjones,yonaskolb,CHANGES_REQUESTED,4,624
brentleyjones,yonaskolb,APPROVED,4,624
yonaskolb,rcari,MERGE,5,621
yonaskolb,rcari,COMMENTED,4,621
yonaskolb,rcari,COMMENTED,4,621
yonaskolb,rcari,COMMENTED,4,621
yonaskolb,rcari,COMMENTED,4,621
yonaskolb,rcari,APPROVED,4,621
moayes,bsmith11,COMMENTED,4,616
yonaskolb,bsmith11,COMMENTED,4,616
yonaskolb,bsmith11,COMMENTED,4,616
yonaskolb,bsmith11,COMMENTED,4,616
yonaskolb,bsmith11,COMMENTED,4,616
brentleyjones,Beniamiiin,MERGE,5,613
yonaskolb,Beniamiiin,COMMENTED,4,613
brentleyjones,Beniamiiin,COMMENTED,4,613
yonaskolb,Beniamiiin,COMMENTED,4,613
yonaskolb,Beniamiiin,COMMENTED,4,613
brentleyjones,Beniamiiin,COMMENTED,4,613
brentleyjones,Beniamiiin,APPROVED,4,613
yonaskolb,sroebert,COMMENTED,4,611
yonaskolb,tomquist,MERGE,5,602
yonaskolb,tomquist,APPROVED,4,602
yonaskolb,wag-miles,MERGE,5,601
yonaskolb,wag-miles,CHANGES_REQUESTED,4,601
yonaskolb,wag-miles,APPROVED,4,601
brentleyjones,haritowa,MERGE,5,599
brentleyjones,haritowa,APPROVED,4,599
yonaskolb,thii,MERGE,5,597
yonaskolb,thii,APPROVED,4,597
yonaskolb,tomquist,MERGE,5,594
yonaskolb,tomquist,CHANGES_REQUESTED,4,594
yonaskolb,tomquist,COMMENTED,4,594
yonaskolb,tomquist,APPROVED,4,594
yonaskolb,min,MERGE,5,583
yonaskolb,min,CHANGES_REQUESTED,4,583
yonaskolb,min,COMMENTED,4,583
yonaskolb,min,APPROVED,4,583
yonaskolb,andraskadar,MERGE,5,582
yonaskolb,andraskadar,COMMENTED,4,582
yonaskolb,andraskadar,APPROVED,4,582
yonaskolb,acecilia,MERGE,5,581
yonaskolb,acecilia,APPROVED,4,581
yonaskolb,KhaosT,MERGE,5,571
yonaskolb,KhaosT,APPROVED,4,571
yonaskolb,raptorxcz,MERGE,5,562
yonaskolb,raptorxcz,COMMENTED,4,562
yonaskolb,raptorxcz,COMMENTED,4,562
yonaskolb,raptorxcz,COMMENTED,4,562
yonaskolb,raptorxcz,COMMENTED,4,562
yonaskolb,raptorxcz,APPROVED,4,562
yonaskolb,KhaosT,MERGE,5,558
toshi0383,KhaosT,APPROVED,4,558
KyoheiG3,yonaskolb,APPROVED,4,557
toshi0383,yonaskolb,COMMENTED,4,555
ryohey,yonaskolb,APPROVED,4,555
yonaskolb,sroebert,MERGE,5,550
jstubenrauch,sroebert,APPROVED,4,550
yonaskolb,sroebert,COMMENTED,4,550
yonaskolb,sroebert,APPROVED,4,550
yonaskolb,KyoheiG3,COMMENTED,4,547
yonaskolb,ryohey,COMMENTED,4,545
AlexisQapa,ryohey,COMMENTED,4,545
yonaskolb,ryohey,COMMENTED,4,545
yonaskolb,ryohey,COMMENTED,4,545
yonaskolb,ryohey,COMMENTED,4,545
yonaskolb,ryohey,APPROVED,4,545
yonaskolb,tomquist,MERGE,5,544
yonaskolb,tomquist,COMMENTED,4,544
yonaskolb,tomquist,APPROVED,4,544
RomanPodymov,yonaskolb,CHANGES_REQUESTED,4,541
yonaskolb,tomquist,MERGE,5,534
yonaskolb,tomquist,COMMENTED,4,534
yonaskolb,tomquist,APPROVED,4,534
yonaskolb,tomquist,MERGE,5,533
yonaskolb,tomquist,COMMENTED,4,533
yonaskolb,tomquist,COMMENTED,4,533
yonaskolb,tomquist,COMMENTED,4,533
yonaskolb,tomquist,COMMENTED,4,533
yonaskolb,tomquist,COMMENTED,4,533
yonaskolb,tomquist,APPROVED,4,533
yonaskolb,dimatosaurus,MERGE,5,532
yonaskolb,friederbluemle,MERGE,5,531
pvinis,friederbluemle,APPROVED,4,531
yonaskolb,friederbluemle,APPROVED,4,531
yonaskolb,elliottwilliams,MERGE,5,524
yonaskolb,elliottwilliams,COMMENTED,4,524
yonaskolb,elliottwilliams,COMMENTED,4,524
yonaskolb,elliottwilliams,APPROVED,4,524
yonaskolb,elliottwilliams,MERGE,5,514
yonaskolb,elliottwilliams,APPROVED,4,514
yonaskolb,ainopara,MERGE,5,510
yonaskolb,ainopara,COMMENTED,4,510
yonaskolb,ainopara,APPROVED,4,510
yonaskolb,BalestraPatrick,MERGE,5,507
yonaskolb,BalestraPatrick,COMMENTED,4,507
yonaskolb,BalestraPatrick,COMMENTED,4,507
yonaskolb,BalestraPatrick,APPROVED,4,507
yonaskolb,rpassis,MERGE,5,506
yonaskolb,rpassis,COMMENTED,4,506
yonaskolb,rpassis,COMMENTED,4,506
ellneal,rpassis,COMMENTED,4,506
yonaskolb,rpassis,APPROVED,4,506
ellneal,yonaskolb,APPROVED,4,502
yonaskolb,rpassis,MERGE,5,501
yonaskolb,rpassis,APPROVED,4,501
yonaskolb,lukewakeford,MERGE,5,500
yonaskolb,lukewakeford,APPROVED,4,500
pvinis,yonaskolb,APPROVED,4,497
yonaskolb,rpassis,MERGE,5,492
yonaskolb,rpassis,APPROVED,4,492
yonaskolb,francesca64,MERGE,5,490
yonaskolb,francesca64,APPROVED,4,490
yonaskolb,ellneal,MERGE,5,489
yonaskolb,ellneal,COMMENTED,4,489
yonaskolb,ellneal,COMMENTED,4,489
yonaskolb,ellneal,COMMENTED,4,489
yonaskolb,ellneal,COMMENTED,4,489
yonaskolb,ellneal,COMMENTED,4,489
yonaskolb,ellneal,COMMENTED,4,489
yonaskolb,ellneal,APPROVED,4,489
yonaskolb,monowerker,MERGE,5,487
yonaskolb,monowerker,COMMENTED,4,487
yonaskolb,monowerker,APPROVED,4,487
yonaskolb,Beniamiiin,MERGE,5,486
yonaskolb,Beniamiiin,APPROVED,4,486
yonaskolb,ksulliva,MERGE,5,482
yonaskolb,ksulliva,APPROVED,4,482
yonaskolb,Beniamiiin,MERGE,5,480
yonaskolb,Beniamiiin,APPROVED,4,480
yonaskolb,Beniamiiin,APPROVED,4,480
yonaskolb,johndpope,MERGE,5,471
yonaskolb,johndpope,APPROVED,4,471
yonaskolb,keehun,MERGE,5,468
yonaskolb,keehun,APPROVED,4,468
yonaskolb,raptorxcz,COMMENTED,4,466
yonaskolb,raptorxcz,MERGE,5,465
yonaskolb,raptorxcz,COMMENTED,4,465
yonaskolb,raptorxcz,APPROVED,4,465
brentleyjones,dwb357,MERGE,5,457
brentleyjones,dwb357,APPROVED,4,457
yonaskolb,brentleyjones,APPROVED,4,454
yonaskolb,bryansum,MERGE,5,450
yonaskolb,bryansum,APPROVED,4,450
yonaskolb,bryansum,APPROVED,4,450
yonaskolb,feischl97,MERGE,5,443
yonaskolb,feischl97,COMMENTED,4,443
yonaskolb,feischl97,APPROVED,4,443
toshi0383,yonaskolb,COMMENTED,4,437
toshi0383,yonaskolb,APPROVED,4,437
yonaskolb,alvarhansen,MERGE,5,435
yonaskolb,alvarhansen,APPROVED,4,435
rastersize,yonaskolb,APPROVED,4,430
yonaskolb,dflems,MERGE,5,427
yonaskolb,dflems,APPROVED,4,427
yonaskolb,jerrymarino,MERGE,5,419
yonaskolb,jerrymarino,APPROVED,4,419
yonaskolb,kastiglione,MERGE,5,417
yonaskolb,kastiglione,APPROVED,4,417
yonaskolb,kastiglione,MERGE,5,416
yonaskolb,kastiglione,APPROVED,4,416
brentleyjones,yonaskolb,APPROVED,4,415
yonaskolb,alvarhansen,MERGE,5,411
yonaskolb,alvarhansen,COMMENTED,4,411
yonaskolb,alvarhansen,APPROVED,4,411
yonaskolb,jerrymarino,MERGE,5,410
yonaskolb,jerrymarino,APPROVED,4,410
yonaskolb,pepicrft,MERGE,5,404
yonaskolb,pepicrft,APPROVED,4,404
yonaskolb,brentleyjones,MERGE,5,402
yonaskolb,brentleyjones,COMMENTED,4,402
yonaskolb,brentleyjones,COMMENTED,4,402
yonaskolb,brentleyjones,COMMENTED,4,402
yonaskolb,brentleyjones,APPROVED,4,402
toshi0383,brentleyjones,APPROVED,4,401
yonaskolb,toshi0383,COMMENTED,4,397
brentleyjones,toshi0383,COMMENTED,4,397
brentleyjones,toshi0383,COMMENTED,4,397
pepicrft,toshi0383,COMMENTED,4,397
pepicrft,toshi0383,COMMENTED,4,397
pepicrft,toshi0383,COMMENTED,4,397
yonaskolb,toshi0383,COMMENTED,4,397
yonaskolb,toshi0383,COMMENTED,4,397
yonaskolb,vgorloff,MERGE,5,394
yonaskolb,vgorloff,COMMENTED,4,394
yonaskolb,vgorloff,APPROVED,4,394
yonaskolb,AndrewBennet,MERGE,5,393
yonaskolb,AndrewBennet,APPROVED,4,393
yonaskolb,Saik0s,MERGE,5,390
yonaskolb,Saik0s,COMMENTED,4,390
yonaskolb,Saik0s,APPROVED,4,390
brentleyjones,yonaskolb,COMMENTED,4,388
brentleyjones,yonaskolb,COMMENTED,4,388
pepicrft,yonaskolb,COMMENTED,4,388
pepicrft,yonaskolb,COMMENTED,4,388
brentleyjones,yonaskolb,COMMENTED,4,388
brentleyjones,frankdilo,MERGE,5,387
brentleyjones,frankdilo,APPROVED,4,387
yonaskolb,brentleyjones,MERGE,5,383
yonaskolb,brentleyjones,COMMENTED,4,383
yonaskolb,brentleyjones,COMMENTED,4,383
yonaskolb,brentleyjones,APPROVED,4,383
yonaskolb,brentleyjones,COMMENTED,4,383
yonaskolb,brentleyjones,COMMENTED,4,383
yonaskolb,brentleyjones,APPROVED,4,382
yonaskolb,vgorloff,MERGE,5,380
yonaskolb,vgorloff,APPROVED,4,380
yonaskolb,brentleyjones,MERGE,5,375
yonaskolb,brentleyjones,APPROVED,4,375
yonaskolb,brentleyjones,COMMENTED,4,373
yonaskolb,brentleyjones,COMMENTED,4,373
yonaskolb,brentleyjones,COMMENTED,4,373
yonaskolb,brentleyjones,COMMENTED,4,373
yonaskolb,brentleyjones,APPROVED,4,373
yonaskolb,brentleyjones,COMMENTED,4,369
yonaskolb,brentleyjones,COMMENTED,4,368
yonaskolb,brentleyjones,COMMENTED,4,368
yonaskolb,brentleyjones,APPROVED,4,368
yonaskolb,sxua,MERGE,5,367
brentleyjones,sxua,COMMENTED,4,367
yonaskolb,sxua,COMMENTED,4,367
yonaskolb,sxua,APPROVED,4,367
yonaskolb,brentleyjones,APPROVED,4,366
yonaskolb,brentleyjones,APPROVED,4,365
yonaskolb,rpassis,MERGE,5,364
yonaskolb,rpassis,COMMENTED,4,364
yonaskolb,rpassis,APPROVED,4,364
toshi0383,brentleyjones,COMMENTED,4,361
yonaskolb,brentleyjones,COMMENTED,4,361
yonaskolb,brentleyjones,COMMENTED,4,361
yonaskolb,brentleyjones,COMMENTED,4,361
yonaskolb,brentleyjones,COMMENTED,4,361
yonaskolb,brentleyjones,COMMENTED,4,361
yonaskolb,brentleyjones,APPROVED,4,361
yonaskolb,brentleyjones,MERGE,5,360
yonaskolb,brentleyjones,APPROVED,4,360
yonaskolb,brentleyjones,MERGE,5,358
yonaskolb,brentleyjones,APPROVED,4,358
brentleyjones,yonaskolb,APPROVED,4,356
brentleyjones,yonaskolb,COMMENTED,4,354
brentleyjones,yonaskolb,COMMENTED,4,354
brentleyjones,yonaskolb,COMMENTED,4,354
yonaskolb,brentleyjones,COMMENTED,4,353
yonaskolb,brentleyjones,APPROVED,4,353
yonaskolb,brentleyjones,MERGE,5,352
yonaskolb,brentleyjones,COMMENTED,4,352
yonaskolb,brentleyjones,COMMENTED,4,352
yonaskolb,brentleyjones,COMMENTED,4,352
yonaskolb,brentleyjones,APPROVED,4,352
yonaskolb,keith,MERGE,5,351
brentleyjones,keith,COMMENTED,4,351
brentleyjones,keith,APPROVED,4,351
yonaskolb,keith,COMMENTED,4,351
yonaskolb,keith,APPROVED,4,351
yonaskolb,brentleyjones,MERGE,5,349
yonaskolb,brentleyjones,COMMENTED,4,349
yonaskolb,brentleyjones,COMMENTED,4,349
yonaskolb,brentleyjones,COMMENTED,4,349
yonaskolb,brentleyjones,APPROVED,4,349
yonaskolb,brentleyjones,MERGE,5,348
yonaskolb,brentleyjones,APPROVED,4,348
yonaskolb,brentleyjones,MERGE,5,347
yonaskolb,brentleyjones,COMMENTED,4,347
yonaskolb,brentleyjones,APPROVED,4,347
yonaskolb,brentleyjones,COMMENTED,4,346
yonaskolb,brentleyjones,APPROVED,4,346
toshi0383,brentleyjones,APPROVED,4,345
yonaskolb,brentleyjones,COMMENTED,4,345
yonaskolb,brentleyjones,COMMENTED,4,345
yonaskolb,brentleyjones,COMMENTED,4,345
yonaskolb,brentleyjones,COMMENTED,4,345
yonaskolb,brentleyjones,COMMENTED,4,345
yonaskolb,brentleyjones,COMMENTED,4,345
yonaskolb,brentleyjones,COMMENTED,4,345
yonaskolb,brentleyjones,APPROVED,4,345
yonaskolb,rohitpal440,MERGE,5,341
yonaskolb,rohitpal440,COMMENTED,4,341
yonaskolb,rohitpal440,COMMENTED,4,341
yonaskolb,rohitpal440,COMMENTED,4,341
yonaskolb,rohitpal440,APPROVED,4,341
yonaskolb,brentleyjones,MERGE,5,332
keith,brentleyjones,APPROVED,4,332
yonaskolb,brentleyjones,MERGE,5,328
yonaskolb,brentleyjones,APPROVED,4,328
yonaskolb,brentleyjones,MERGE,5,327
keith,brentleyjones,COMMENTED,4,327
yonaskolb,brentleyjones,COMMENTED,4,327
yonaskolb,brentleyjones,APPROVED,4,327
yonaskolb,brentleyjones,MERGE,5,326
yonaskolb,brentleyjones,APPROVED,4,326
alvarhansen,yonaskolb,APPROVED,4,324
toshi0383,yonaskolb,APPROVED,4,324
yonaskolb,archmagees,MERGE,5,322
yonaskolb,archmagees,APPROVED,4,322
yonaskolb,maicki,MERGE,5,317
yonaskolb,maicki,APPROVED,4,317
yonaskolb,stevemoser,MERGE,5,311
yonaskolb,stevemoser,APPROVED,4,311
yonaskolb,keith,MERGE,5,308
yonaskolb,keith,APPROVED,4,308
keith,yonaskolb,APPROVED,4,307
yonaskolb,alvarhansen,MERGE,5,303
toshi0383,alvarhansen,APPROVED,4,303
yonaskolb,alvarhansen,MERGE,5,302
yonaskolb,alvarhansen,APPROVED,4,302
yonaskolb,alvarhansen,MERGE,5,299
yonaskolb,alvarhansen,APPROVED,4,299
yonaskolb,keith,MERGE,5,298
soffes,keith,APPROVED,4,298
kastiglione,keith,APPROVED,4,298
yonaskolb,keith,COMMENTED,4,298
kastiglione,keith,COMMENTED,4,298
yonaskolb,keith,COMMENTED,4,298
yonaskolb,vhbit,MERGE,5,297
yonaskolb,vhbit,APPROVED,4,297
yonaskolb,sascha,MERGE,5,296
yonaskolb,sascha,APPROVED,4,296
yonaskolb,vhbit,MERGE,5,289
albyok,vhbit,APPROVED,4,289
yonaskolb,LinusU,MERGE,5,284
yonaskolb,LinusU,APPROVED,4,284
toshi0383,yonaskolb,APPROVED,4,282
toshi0383,yonaskolb,APPROVED,4,281
kastiglione,yonaskolb,APPROVED,4,280
toshi0383,yonaskolb,APPROVED,4,276
yonaskolb,AliSoftware,MERGE,5,274
yonaskolb,AliSoftware,APPROVED,4,274
yonaskolb,LinusU,MERGE,5,272
yonaskolb,LinusU,APPROVED,4,272
yonaskolb,keith,MERGE,5,269
kastiglione,keith,COMMENTED,4,269
yonaskolb,keith,APPROVED,4,269
yonaskolb,LinusU,MERGE,5,267
toshi0383,LinusU,APPROVED,4,267
yonaskolb,jerrymarino,MERGE,5,264
yonaskolb,jerrymarino,COMMENTED,4,263
yonaskolb,jerrymarino,COMMENTED,4,263
toshi0383,yonaskolb,APPROVED,4,259
yonaskolb,qmoya,MERGE,5,258
yonaskolb,qmoya,COMMENTED,4,258
yonaskolb,qmoya,APPROVED,4,258
toshi0383,yonaskolb,APPROVED,4,256
pepicrft,yonaskolb,APPROVED,4,256
toshi0383,yonaskolb,APPROVED,4,255
pepicrft,yonaskolb,APPROVED,4,255
toshi0383,yonaskolb,COMMENTED,4,255
yonaskolb,toshi0383,MERGE,5,254
yonaskolb,toshi0383,COMMENTED,4,254
yonaskolb,toshi0383,APPROVED,4,254
toshi0383,yonaskolb,COMMENTED,4,252
toshi0383,yonaskolb,APPROVED,4,252
pepicrft,yonaskolb,APPROVED,4,252
toshi0383,yonaskolb,COMMENTED,4,250
toshi0383,yonaskolb,APPROVED,4,250
toshi0383,yonaskolb,COMMENTED,4,249
pepicrft,yonaskolb,APPROVED,4,249
toshi0383,yonaskolb,COMMENTED,4,248
yonaskolb,toshi0383,MERGE,5,246
yonaskolb,toshi0383,COMMENTED,4,246
yonaskolb,toshi0383,COMMENTED,4,246
yonaskolb,toshi0383,COMMENTED,4,246
yonaskolb,toshi0383,COMMENTED,4,246
yonaskolb,toshi0383,COMMENTED,4,246
yonaskolb,toshi0383,COMMENTED,4,246
yonaskolb,toshi0383,APPROVED,4,246
toshi0383,yonaskolb,APPROVED,4,245
yonaskolb,akkyie,MERGE,5,244
yonaskolb,akkyie,APPROVED,4,244
yonaskolb,rahul-malik,MERGE,5,241
yonaskolb,rahul-malik,COMMENTED,4,241
yonaskolb,rahul-malik,APPROVED,4,241
yonaskolb,turekj,MERGE,5,239
yonaskolb,turekj,COMMENTED,4,239
toshi0383,turekj,APPROVED,4,239
yonaskolb,toshi0383,MERGE,5,238
ryohey,toshi0383,APPROVED,4,238
yonaskolb,toshi0383,APPROVED,4,238
yonaskolb,kastiglione,MERGE,5,233
yonaskolb,kastiglione,APPROVED,4,233
yonaskolb,kastiglione,MERGE,5,231
yonaskolb,kastiglione,APPROVED,4,231
yonaskolb,kastiglione,COMMENTED,4,231
yonaskolb,kastiglione,MERGE,5,229
yonaskolb,kastiglione,APPROVED,4,229
rahul-malik,yonaskolb,COMMENTED,4,227
keith,pepicrft,COMMENTED,4,225
keith,pepicrft,COMMENTED,4,225
keith,pepicrft,COMMENTED,4,225
yonaskolb,pepicrft,COMMENTED,4,225
yonaskolb,pepicrft,COMMENTED,4,225
yonaskolb,anreitersimon,MERGE,5,221
yonaskolb,anreitersimon,COMMENTED,4,221
yonaskolb,anreitersimon,APPROVED,4,221
yonaskolb,keith,MERGE,5,220
yonaskolb,keith,CHANGES_REQUESTED,4,220
yonaskolb,keith,APPROVED,4,220
yonaskolb,alvarhansen,MERGE,5,218
yonaskolb,alvarhansen,APPROVED,4,218
yonaskolb,alvarhansen,MERGE,5,217
yonaskolb,alvarhansen,COMMENTED,4,217
yonaskolb,alvarhansen,APPROVED,4,217
keith,yonaskolb,APPROVED,4,212
yonaskolb,keith,MERGE,5,209
yonaskolb,keith,APPROVED,4,209
toshi0383,yonaskolb,COMMENTED,4,206
pepicrft,yonaskolb,COMMENTED,4,206
pepicrft,yonaskolb,COMMENTED,4,206
pepicrft,yonaskolb,APPROVED,4,206
toshi0383,yonaskolb,COMMENTED,4,205
toshi0383,yonaskolb,COMMENTED,4,205
toshi0383,yonaskolb,APPROVED,4,205
rahul-malik,yonaskolb,COMMENTED,4,205
rahul-malik,yonaskolb,COMMENTED,4,205
rahul-malik,yonaskolb,COMMENTED,4,205
rahul-malik,yonaskolb,COMMENTED,4,205
pepicrft,yonaskolb,COMMENTED,4,205
pepicrft,yonaskolb,COMMENTED,4,205
pepicrft,yonaskolb,APPROVED,4,205
rahul-malik,yonaskolb,COMMENTED,4,203
pepicrft,yonaskolb,APPROVED,4,203
yonaskolb,alvarhansen,MERGE,5,200
yonaskolb,alvarhansen,COMMENTED,4,200
yonaskolb,alvarhansen,APPROVED,4,200
yonaskolb,vhbit,MERGE,5,199
yonaskolb,vhbit,APPROVED,4,199
yonaskolb,vhbit,MERGE,5,195
yonaskolb,vhbit,COMMENTED,4,195
yonaskolb,vhbit,COMMENTED,4,195
yonaskolb,vhbit,COMMENTED,4,195
yonaskolb,vhbit,COMMENTED,4,195
yonaskolb,vhbit,COMMENTED,4,195
yonaskolb,vhbit,COMMENTED,4,195
yonaskolb,vhbit,COMMENTED,4,195
yonaskolb,vhbit,COMMENTED,4,195
yonaskolb,vhbit,APPROVED,4,195
yonaskolb,kastiglione,MERGE,5,194
yonaskolb,kastiglione,COMMENTED,4,194
yonaskolb,kastiglione,APPROVED,4,194
yonaskolb,pepicrft,COMMENTED,4,191
yonaskolb,pepicrft,COMMENTED,4,191
yonaskolb,pepicrft,COMMENTED,4,191
rahul-malik,bkase,MERGE,5,190
yonaskolb,bkase,APPROVED,4,190
yonaskolb,alvarhansen,MERGE,5,186
yonaskolb,alvarhansen,APPROVED,4,186
yonaskolb,yageek,MERGE,5,185
yonaskolb,yageek,APPROVED,4,185
yonaskolb,kastiglione,MERGE,5,184
yonaskolb,kastiglione,COMMENTED,4,184
yonaskolb,kastiglione,APPROVED,4,184
rahul-malik,TheCoordinator,COMMENTED,4,182
yonaskolb,TheCoordinator,COMMENTED,4,182
yonaskolb,TheCoordinator,COMMENTED,4,182
yonaskolb,TheCoordinator,COMMENTED,4,182
yonaskolb,alexruperez,COMMENTED,4,177
toshi0383,alexruperez,COMMENTED,4,177
yonaskolb,rahul-malik,MERGE,5,176
yonaskolb,rahul-malik,APPROVED,4,176
rahul-malik,bkase,MERGE,5,175
yonaskolb,bkase,COMMENTED,4,175
yonaskolb,bkase,COMMENTED,4,175
rahul-malik,bkase,COMMENTED,4,175
yonaskolb,bkase,APPROVED,4,175
yonaskolb,bkase,COMMENTED,4,175
yonaskolb,bkase,COMMENTED,4,175
yonaskolb,bkase,COMMENTED,4,175
yonaskolb,bkase,COMMENTED,4,175
yonaskolb,kastiglione,MERGE,5,174
yonaskolb,kastiglione,APPROVED,4,174
yonaskolb,rahul-malik,COMMENTED,4,172
yonaskolb,rahul-malik,COMMENTED,4,172
yonaskolb,rahul-malik,COMMENTED,4,172
yonaskolb,alexruperez,MERGE,5,170
yonaskolb,alexruperez,COMMENTED,4,170
yonaskolb,alexruperez,COMMENTED,4,170
yonaskolb,alexruperez,COMMENTED,4,170
yonaskolb,alexruperez,COMMENTED,4,170
yonaskolb,alexruperez,APPROVED,4,170
yonaskolb,alexruperez,COMMENTED,4,170
yonaskolb,soffes,MERGE,5,167
yonaskolb,soffes,COMMENTED,4,167
yonaskolb,soffes,COMMENTED,4,167
sbarow,soffes,COMMENTED,4,167
yonaskolb,soffes,COMMENTED,4,167
yonaskolb,soffes,COMMENTED,4,167
yonaskolb,soffes,COMMENTED,4,167
sbarow,soffes,COMMENTED,4,167
yonaskolb,sbarow,MERGE,5,166
yonaskolb,sbarow,COMMENTED,4,166
yonaskolb,soffes,MERGE,5,164
yonaskolb,TheCoordinator,MERGE,5,161
yonaskolb,ryohey,COMMENTED,4,160
yonaskolb,ryohey,COMMENTED,4,160
yonaskolb,rahul-malik,MERGE,5,158
yonaskolb,rahul-malik,COMMENTED,4,158
yonaskolb,rahul-malik,COMMENTED,4,158
yonaskolb,rahul-malik,COMMENTED,4,158
yonaskolb,rahul-malik,COMMENTED,4,158
yonaskolb,rahul-malik,COMMENTED,4,158
yonaskolb,rahul-malik,COMMENTED,4,158
pepicrft,rahul-malik,APPROVED,4,158
yonaskolb,ryohey,MERGE,5,157
yonaskolb,ryohey,COMMENTED,4,157
bkase,yonaskolb,APPROVED,4,151
jerrymarino,yonaskolb,COMMENTED,4,148
yonaskolb,bkase,MERGE,5,142
keith,bkase,APPROVED,4,142
yonaskolb,bkase,COMMENTED,4,142
yonaskolb,bkase,COMMENTED,4,142
yonaskolb,bkase,COMMENTED,4,142
yonaskolb,bkase,MERGE,5,139
yonaskolb,bkase,COMMENTED,4,139
yonaskolb,bkase,COMMENTED,4,139
yonaskolb,bkase,COMMENTED,4,139
yonaskolb,bkase,MERGE,5,138
yonaskolb,TheCoordinator,MERGE,5,135
yonaskolb,TheCoordinator,COMMENTED,4,135
yonaskolb,TheCoordinator,COMMENTED,4,135
yonaskolb,TheCoordinator,COMMENTED,4,135
yonaskolb,TheCoordinator,COMMENTED,4,135
yonaskolb,TheCoordinator,COMMENTED,4,135
yonaskolb,TheCoordinator,COMMENTED,4,135
yonaskolb,bkase,MERGE,5,133
yonaskolb,keith,MERGE,5,131
yonaskolb,jerrymarino,COMMENTED,4,128
yonaskolb,jerrymarino,COMMENTED,4,128
bkase,jerrymarino,COMMENTED,4,128
yonaskolb,jerrymarino,CHANGES_REQUESTED,4,128
yonaskolb,jerrymarino,COMMENTED,4,128
yonaskolb,rahul-malik,MERGE,5,127
yonaskolb,ryohey,MERGE,5,126
yonaskolb,bkase,MERGE,5,125
yonaskolb,bkase,MERGE,5,121
yonaskolb,enmiller,MERGE,5,120
yonaskolb,ryohey,MERGE,5,118
keith,ryohey,COMMENTED,4,118
yonaskolb,ryohey,COMMENTED,4,118
keith,ryohey,COMMENTED,4,118
yonaskolb,ryohey,COMMENTED,4,118
yonaskolb,ryohey,COMMENTED,4,118
yonaskolb,toshi0383,MERGE,5,115
yonaskolb,toshi0383,COMMENTED,4,115
yonaskolb,mironal,MERGE,5,112
yonaskolb,keith,MERGE,5,109
pepicrft,keith,APPROVED,4,109
yonaskolb,keith,COMMENTED,4,109
yonaskolb,bkase,MERGE,5,108
yonaskolb,bkase,COMMENTED,4,108
yonaskolb,bkase,CHANGES_REQUESTED,4,108
yonaskolb,bkase,MERGE,5,106
yonaskolb,bkase,COMMENTED,4,106
yonaskolb,bkase,COMMENTED,4,106
yonaskolb,bkase,MERGE,5,105
yonaskolb,ryohey,MERGE,5,102
keith,ryohey,APPROVED,4,102
pepicrft,ryohey,APPROVED,4,102
keith,yonaskolb,APPROVED,4,101
pepicrft,yonaskolb,APPROVED,4,101
toshi0383,yonaskolb,APPROVED,4,101
pepicrft,yonaskolb,APPROVED,4,100
keith,yonaskolb,APPROVED,4,100
yonaskolb,keith,MERGE,5,99
pepicrft,keith,APPROVED,4,99
pepicrft,keith,APPROVED,4,98
yonaskolb,keith,MERGE,5,96
yonaskolb,keith,MERGE,5,95
pepicrft,keith,COMMENTED,4,95
pepicrft,keith,COMMENTED,4,95
yonaskolb,keith,MERGE,5,94
yonaskolb,keith,MERGE,5,93
pepicrft,keith,COMMENTED,4,93
pepicrft,keith,COMMENTED,4,93
yonaskolb,keith,COMMENTED,4,93
yonaskolb,keith,COMMENTED,4,93
pepicrft,keith,APPROVED,4,93
yonaskolb,enmiller,MERGE,5,85
yonaskolb,enmiller,COMMENTED,4,85
yonaskolb,mironal,MERGE,5,84
pepicrft,mironal,COMMENTED,4,84
pepicrft,mironal,APPROVED,4,84
toshi0383,mironal,APPROVED,4,84
yonaskolb,mironal,COMMENTED,4,84
yonaskolb,toshi0383,MERGE,5,83
yonaskolb,toshi0383,MERGE,5,82
pepicrft,toshi0383,COMMENTED,4,79
pepicrft,toshi0383,COMMENTED,4,79
pepicrft,toshi0383,COMMENTED,4,79
yonaskolb,toshi0383,MERGE,5,77
yonaskolb,toshi0383,COMMENTED,4,77
yonaskolb,toshi0383,COMMENTED,4,77
yonaskolb,toshi0383,COMMENTED,4,77
yonaskolb,toshi0383,COMMENTED,4,77
yonaskolb,toshi0383,COMMENTED,4,77
yonaskolb,toshi0383,COMMENTED,4,77
yonaskolb,toshi0383,COMMENTED,4,77
yonaskolb,toshi0383,COMMENTED,4,77
yonaskolb,toshi0383,COMMENTED,4,77
yonaskolb,toshi0383,COMMENTED,4,77
yonaskolb,toshi0383,COMMENTED,4,77
yonaskolb,toshi0383,MERGE,5,76
yonaskolb,toshi0383,MERGE,5,75
yonaskolb,toshi0383,MERGE,5,74
yonaskolb,ryohey,MERGE,5,70
yonaskolb,ryohey,COMMENTED,4,70
toshi0383,ryohey,APPROVED,4,70
yonaskolb,ryohey,COMMENTED,4,70
pepicrft,yonaskolb,APPROVED,4,68
pepicrft,yonaskolb,APPROVED,4,67
toshi0383,yonaskolb,COMMENTED,4,64
toshi0383,yonaskolb,COMMENTED,4,64
toshi0383,yonaskolb,COMMENTED,4,64
toshi0383,yonaskolb,COMMENTED,4,64
toshi0383,yonaskolb,COMMENTED,4,64
pepicrft,yonaskolb,COMMENTED,4,64
yonaskolb,pepicrft,MERGE,5,63
yonaskolb,toshi0383,COMMENTED,4,60
yonaskolb,toshi0383,COMMENTED,4,60
pepicrft,yonaskolb,APPROVED,4,54
yonaskolb,antoniocasero,MERGE,5,50
yonaskolb,antoniocasero,MERGE,5,48
pepicrft,yonaskolb,APPROVED,4,44
pepicrft,yonaskolb,COMMENTED,4,35
pepicrft,yonaskolb,APPROVED,4,32
yonaskolb,ReadmeCritic,MERGE,5,23
pepicrft,yonaskolb,COMMENTED,4,17
pepicrft,yonaskolb,COMMENTED,4,17
pepicrft,yonaskolb,COMMENTED,4,17
pepicrft,yonaskolb,COMMENTED,4,17
pepicrft,yonaskolb,COMMENTED,4,17
yonaskolb,pepicrft,MERGE,5,16
yonaskolb,pepicrft,APPROVED,4,16
