origem,destino,tipo,peso_sugerido,numero_issue
yonaskolb,ThalesAndrades,pr,2,1583
yonaskolb,JamesCCoder,pr,2,1568
georgenavarro,snake302,issue,2,1562
yonaskolb,snake302,issue,2,1562
anivaros,jakobfelsatdm,issue,2,1561
anivaros,jakobfelsatdm,issue,2,1561
goergisn,jakobfelsatdm,issue,2,1561
anivaros,jakobfelsatdm,issue,2,1561
jgert,jakobfelsatdm,issue,2,1561
yonaskolb,jakobfelsatdm,issue,2,1561
anivaros,jakobfelsatdm,issue,2,1561
yonaskolb,jakobfelsatdm,issue,2,1561
anivaros,jakobfelsatdm,issue,2,1561
giginet,Ryu0118,pr,2,1547
yonaskolb,Ryu0118,pr,2,1547
yonaskolb,RomanPodymov,pr,2,1546
esnssr,yonaskolb,pr,2,1541
esnssr,yonaskolb,pr,2,1541
carlosefonseca,yonaskolb,pr,2,1541
noefroidevaux,yonaskolb,pr,2,1541
mredig,yonaskolb,pr,2,1541
s2mr,yonaskolb,pr,2,1541
clausjoergensen,yonaskolb,pr,2,1541
yonaskolb,leefah12,issue,2,1518
yonaskolb,marcosgriselli,pr,2,1517
yonaskolb,marcosgriselli,pr,2,1515
yonaskolb,marcosgriselli,pr,2,1515
yonaskolb,marcosgriselli,pr,2,1514
Dahlgren,ikesyo,issue,2,1509
yonaskolb,PlagsiOS,issue,2,1506
yonaskolb,PlagsiOS,issue,2,1506
erneestoc,CraigSiemens,issue,2,1505
bartosz-pawelczyk,CraigSiemens,issue,2,1505
piotrsmajek,CraigSiemens,issue,2,1505
esnssr,CraigSiemens,issue,2,1505
funclosure,CraigSiemens,issue,2,1505
yonaskolb,CraigSiemens,issue,2,1505
r0texx,CraigSiemens,issue,2,1505
esnssr,CraigSiemens,issue,2,1505
yonaskolb,CraigSiemens,issue,2,1505
noefroidevaux,CraigSiemens,issue,2,1505
yonaskolb,CraigSiemens,issue,2,1505
CraigSiemens,vicajilau,issue,2,1504
yonaskolb,vicajilau,issue,2,1504
bpisano,michaello,issue,2,1503
yonaskolb,michaello,issue,2,1503
yonaskolb,mokagio,pr,2,1499
yonaskolb,0111b,pr,2,1489
giginet,ozumin,pr,2,1487
yonaskolb,giginet,issue,2,1483
fedorinovdmitry,pafdad,issue,2,1469
yonaskolb,kinnarr,pr,2,1465
yonaskolb,raptorxcz,issue,2,1462
yonaskolb,arisupriatna14,issue,2,1459
nhelke,arisupriatna14,issue,2,1459
DeclanMcPartlin,arisupriatna14,issue,2,1459
yonaskolb,arisupriatna14,issue,2,1459
pixlwave,arisupriatna14,issue,2,1459
yonaskolb,arisupriatna14,issue,2,1459
yonaskolb,arisupriatna14,issue,2,1459
nhelke,arisupriatna14,issue,2,1459
psykologist90,arisupriatna14,issue,2,1459
mcomisso,arisupriatna14,issue,2,1459
yonaskolb,rsarv3006,issue,2,1458
kovs705,rsarv3006,issue,2,1458
yonaskolb,Snikss,issue,2,1457
yonaskolb,Snikss,issue,2,1457
yonaskolb,rex-structorum,issue,2,1455
yonaskolb,rex-structorum,issue,2,1455
yonaskolb,tylermilner,pr,2,1452
yonaskolb,vakhidbetrakhmadov,pr,2,1451
vskyba,vakhidbetrakhmadov,pr,2,1450
murtaza64,vakhidbetrakhmadov,pr,2,1450
freddi-kit,persidskiy,issue,2,1445
freddi-kit,persidskiy,issue,2,1445
OdNairy,persidskiy,issue,2,1445
freddi-kit,persidskiy,issue,2,1445
freddi-kit,persidskiy,issue,2,1445
freddi-kit,persidskiy,issue,2,1445
kkebo,persidskiy,issue,2,1445
daltonclaybrook,persidskiy,issue,2,1445
kkebo,persidskiy,issue,2,1445
daltonclaybrook,persidskiy,issue,2,1445
kkebo,persidskiy,issue,2,1445
yonaskolb,persidskiy,issue,2,1445
freddi-kit,persidskiy,issue,2,1445
freddi-kit,persidskiy,issue,2,1445
freddi-kit,persidskiy,issue,2,1445
giginet,VaslD,issue,2,1441
zewuchen,VaslD,issue,2,1441
yonaskolb,417-72KI,issue,2,1440
yonaskolb,Lutzifer,pr,2,1439
benadamdev,kekearif,issue,2,1437
yonaskolb,kekearif,issue,2,1437
yonaskolb,Faridka0,issue,2,1436
yonaskolb,Faridka0,issue,2,1436
yonaskolb,Faridka0,issue,2,1436
yonaskolb,rmtkcjs,pr,2,1434
pafdad,webtocom,issue,2,1433
tejuamirthi,Simimi-dot,issue,2,1431
yonaskolb,Simimi-dot,issue,2,1431
yonaskolb,balazs-vimn,pr,2,1430
yonaskolb,Simimi-dot,issue,2,1426
yonaskolb,Simimi-dot,issue,2,1426
Simimi-dot,sborovikov-belkacar,issue,2,1420
yonaskolb,sborovikov-belkacar,issue,2,1420
yonaskolb,kiddten,pr,2,1418
yonaskolb,kiddten,pr,2,1418
vvisionnn,JaapManenschijn,pr,2,1417
yonaskolb,coffmark,pr,2,1415
yonaskolb,hiltonc,pr,2,1413
OmranK,hiltonc,pr,2,1413
yonaskolb,arkonxu,pr,2,1410
freddi-kit,cdoky,issue,2,1403
yonaskolb,Cretus-iosDev,pr,2,1402
yonaskolb,Cretus-iosDev,pr,2,1402
vicajilau,razor313,issue,2,1399
rmnli,razor313,issue,2,1399
yonaskolb,aaron-foreflight,issue,2,1397
clausjoergensen,yarneo,issue,2,1396
giovannitrezzi,yarneo,issue,2,1396
yonaskolb,yarneo,issue,2,1396
yonaskolb,yarneo,issue,2,1396
yonaskolb,simonbs,pr,2,1395
yonaskolb,clausjoergensen,issue,2,1389
BarredEwe,clausjoergensen,issue,2,1389
BarredEwe,clausjoergensen,issue,2,1389
rmnli,freddi-kit,pr,2,1388
mat1th,freddi-kit,pr,2,1388
kkebo,freddi-kit,pr,2,1388
yonaskolb,vincentisambart,issue,2,1386
yonaskolb,vincentisambart,issue,2,1386
yonaskolb,kaseken,pr,2,1382
yonaskolb,bagipro,issue,2,1381
freddi-kit,shiba1014,pr,2,1379
Dahlgren,shiba1014,pr,2,1379
yanniks,BarredEwe,pr,2,1374
yonaskolb,BarredEwe,pr,2,1374
OmranK,BarredEwe,pr,2,1374
OmranK,BarredEwe,pr,2,1374
yonaskolb,shen-square,issue,2,1373
theCodingDJ,shen-square,issue,2,1373
yonaskolb,shen-square,issue,2,1373
LyuboFromTryzens,shen-square,issue,2,1373
yonaskolb,shen-square,issue,2,1373
yonaskolb,mthole,pr,2,1366
yonaskolb,pedroramos1449,issue,2,1365
jsorge,pedroramos1449,issue,2,1365
jsorge,pedroramos1449,issue,2,1365
jsorge,pedroramos1449,issue,2,1365
jsorge,pedroramos1449,issue,2,1365
yonaskolb,KacperCzapp,issue,2,1362
yonaskolb,OmranK,issue,2,1356
antonyalkmim,OdNairy,pr,2,1354
liamnichols,OdNairy,pr,2,1354
liamnichols,OdNairy,pr,2,1354
yonaskolb,OdNairy,pr,2,1354
teameh,mat1th,pr,2,1351
teameh,mat1th,pr,2,1351
yonaskolb,avkin88,issue,2,1350
krishsatya,Adobels,issue,2,1349
kaienkira,Adobels,issue,2,1349
joristimmerman,Adobels,issue,2,1349
razor313,Adobels,issue,2,1349
yonaskolb,Adobels,issue,2,1349
yonaskolb,dungi,issue,2,1347
yonaskolb,shnhrrsn,pr,2,1337
yonaskolb,amatig,pr,2,1336
bdrelling,amatig,pr,2,1336
FelixLisczyk,amatig,pr,2,1336
FelixLisczyk,amatig,pr,2,1336
yonaskolb,aquintiliano-encora,issue,2,1331
yonaskolb,dungi,issue,2,1330
yonaskolb,qwn3,issue,2,1319
yonaskolb,DanielSincere,issue,2,1318
yonaskolb,Iron-Ham,pr,2,1317
yonaskolb,mathieuavo,issue,2,1312
amatig,codebendr-product-designer,issue,2,1306
nishchal-v,dungi,issue,2,1300
PaulOmta-TomTom,FelixLisczyk,issue,2,1299
yonaskolb,FelixLisczyk,issue,2,1299
CraigSiemens,FelixLisczyk,issue,2,1299
grigorye,FelixLisczyk,issue,2,1299
grigorye,FelixLisczyk,issue,2,1299
yonaskolb,FelixLisczyk,issue,2,1299
yonaskolb,LouisLWang,pr,2,1294
yonaskolb,LouisLWang,pr,2,1294
yonaskolb,technocidal,issue,2,1290
clausjoergensen,technocidal,issue,2,1290
iteracticman,technocidal,issue,2,1290
iammxrn,technocidal,issue,2,1290
sborovikov-belkacar,technocidal,issue,2,1290
ronnie-codes,technocidal,issue,2,1290
BarredEwe,technocidal,issue,2,1290
BarredEwe,technocidal,issue,2,1290
yonaskolb,technocidal,issue,2,1290
flopshot,technocidal,issue,2,1290
truemetal,technocidal,issue,2,1290
yonaskolb,technocidal,issue,2,1290
BarredEwe,technocidal,issue,2,1290
technocidal,WHuangz88,issue,2,1289
yonaskolb,anandios,issue,2,1281
TemperMichael,anandios,issue,2,1281
yonaskolb,ikajava,issue,2,1278
zelanastasia,ikajava,issue,2,1278
yonaskolb,WeijunDeng,issue,2,1277
yonaskolb,ma-oli,pr,2,1275
cal-os,nico-dkd,issue,2,1269
cal-os,nico-dkd,issue,2,1269
aaron-foreflight,nico-dkd,issue,2,1269
yonaskolb,nico-dkd,issue,2,1269
yonaskolb,nico-dkd,issue,2,1269
yonaskolb,CraigSiemens,pr,2,1262
yonaskolb,CraigSiemens,pr,2,1262
ma-oli,CraigSiemens,pr,2,1262
ma-oli,CraigSiemens,pr,2,1262
yonaskolb,CraigSiemens,pr,2,1262
yonaskolb,CraigSiemens,pr,2,1262
yonaskolb,MojtabaHs,issue,2,1259
dungi,MartinP7r,issue,2,1257
dungi,MartinP7r,issue,2,1257
baveku,MartinP7r,issue,2,1257
dungi,MartinP7r,issue,2,1257
dungi,MartinP7r,issue,2,1257
baveku,MartinP7r,issue,2,1257
dungi,MartinP7r,issue,2,1257
dungi,MartinP7r,issue,2,1257
dungi,MartinP7r,issue,2,1257
dungi,MartinP7r,issue,2,1257
ccworld1000,MartinP7r,issue,2,1257
ccworld1000,MartinP7r,issue,2,1257
ccworld1000,MartinP7r,issue,2,1257
ccworld1000,MartinP7r,issue,2,1257
ccworld1000,MartinP7r,issue,2,1257
ccworld1000,MartinP7r,issue,2,1257
yonaskolb,Shinolr,pr,2,1243
giginet,freddi-kit,pr,2,1242
yonaskolb,freddi-kit,pr,2,1242
yonaskolb,rgnns,pr,2,1241
Dennisdezhangaho,clausjoergensen,issue,2,1238
adammcarter,clausjoergensen,issue,2,1238
yonaskolb,clausjoergensen,issue,2,1238
casperriboe,clausjoergensen,issue,2,1238
freddi-kit,aleksproger,pr,2,1234
yonaskolb,mtj0928,pr,2,1230
alessionossa,mtj0928,pr,2,1230
yonaskolb,mtj0928,pr,2,1230
freddi-kit,mtj0928,pr,2,1230
yonaskolb,mtj0928,pr,2,1230
yonaskolb,aleksproger,pr,2,1228
freddi-kit,muukii,issue,2,1225
freddi-kit,muukii,issue,2,1225
alessionossa,freddi-kit,issue,2,1224
alessionossa,freddi-kit,issue,2,1224
alessionossa,freddi-kit,issue,2,1224
yonaskolb,freddi-kit,issue,2,1224
yonaskolb,freddi-kit,issue,2,1224
alessionossa,freddi-kit,issue,2,1224
Dennisdezhangaho,freddi-kit,issue,2,1224
freddi-kit,jfaust,issue,2,1223
asifmohd,jpsim,pr,2,1221
MalleswariDazn,gyulavoros,issue,2,1220
Simimi-dot,KamilGucik,issue,2,1217
yonaskolb,skofgar,issue,2,1215
yonaskolb,bonkey,issue,2,1212
hiltonc,MartinP7r,issue,2,1209
hiltonc,MartinP7r,issue,2,1209
yonaskolb,MartinP7r,issue,2,1209
hiltonc,MartinP7r,issue,2,1209
yonaskolb,tr1ckyf0x,issue,2,1207
yonaskolb,tr1ckyf0x,issue,2,1207
freddi-kit,hiragram,pr,2,1202
yonaskolb,rzil,issue,2,1193
yonaskolb,dehlen,issue,2,1192
yonaskolb,dehlen,issue,2,1192
yonaskolb,hakkurishian,pr,2,1191
yonaskolb,dalemyers,pr,2,1187
yonaskolb,dalemyers,pr,2,1187
yonaskolb,imWildCat,issue,2,1186
yonaskolb,evandcoleman,pr,2,1185
yonaskolb,evandcoleman,pr,2,1185
chrisg123,brandtdaniels,issue,2,1182
yonaskolb,brandtdaniels,issue,2,1182
tyten,brandtdaniels,issue,2,1182
yonaskolb,brandtdaniels,issue,2,1182
yonaskolb,tr1ckyf0x,pr,2,1181
yonaskolb,bimawa,pr,2,1179
yonaskolb,bimawa,pr,2,1179
yonaskolb,tr1ckyf0x,issue,2,1177
VaslD,liauli,issue,2,1174
MartinP7r,John-Connolly,issue,2,1173
yonaskolb,mattrobmattrob,issue,2,1172
yonaskolb,skofgar,pr,2,1170
freddi-kit,skofgar,pr,2,1170
skofgar,freddi-kit,pr,2,1169
skofgar,freddi-kit,pr,2,1169
grzegorzkrukowski,freddi-kit,pr,2,1169
mthole,freddi-kit,pr,2,1169
yonaskolb,skofgar,pr,2,1168
yonaskolb,sbaropeak,issue,2,1166
yonaskolb,PaulTaykalo,pr,2,1159
yonaskolb,imWildCat,issue,2,1156
farshadtx,KrisRJack,pr,2,1153
LuAndreCast,KrisRJack,pr,2,1153
yonaskolb,KrisRJack,pr,2,1153
Chris-Corea,bimawa,issue,2,1148
teameh,wendyliga,pr,2,1142
teameh,wendyliga,pr,2,1142
teameh,wendyliga,pr,2,1142
yageek,wendyliga,pr,2,1142
teameh,wendyliga,pr,2,1142
huaqixue,wendyliga,pr,2,1142
mbaikovets,wendyliga,pr,2,1142
teameh,wendyliga,pr,2,1142
teameh,wendyliga,pr,2,1142
teameh,wendyliga,pr,2,1142
teameh,wendyliga,pr,2,1142
teameh,wendyliga,pr,2,1142
yonaskolb,wendyliga,pr,2,1142
teameh,wendyliga,pr,2,1142
yonaskolb,SofteqDG,pr,2,1135
Kylmakalle,brandtdaniels,issue,2,1133
Sherlouk,WesleyJacobsMP,issue,2,1132
Sherlouk,WesleyJacobsMP,issue,2,1132
yonaskolb,WesleyJacobsMP,issue,2,1132
Nonouf,dalemyers,issue,2,1131
guojiubo,dalemyers,issue,2,1131
vguerci,dalemyers,issue,2,1131
dungi,dalemyers,issue,2,1131
ghost,dalemyers,issue,2,1131
ghost,dalemyers,issue,2,1131
vguerci,dalemyers,issue,2,1131
freddi-kit,mthole,pr,2,1130
freddi-kit,mthole,pr,2,1130
freddi-kit,mthole,pr,2,1130
freddi-kit,mthole,pr,2,1130
freddi-kit,mthole,pr,2,1130
0111b,raptorxcz,pr,2,1129
mthole,raptorxcz,pr,2,1129
mthole,raptorxcz,pr,2,1129
freddi-kit,raptorxcz,pr,2,1129
freddi-kit,raptorxcz,pr,2,1129
freddi-kit,raptorxcz,pr,2,1129
TheCoordinator,shuguenot,issue,2,1127
yonaskolb,shuguenot,issue,2,1127
TheCoordinator,shuguenot,issue,2,1127
TheCoordinator,shuguenot,issue,2,1127
venturafonso,shuguenot,issue,2,1127
raptorxcz,shuguenot,issue,2,1127
gormster,shuguenot,issue,2,1127
raptorxcz,shuguenot,issue,2,1127
yonaskolb,shuguenot,issue,2,1127
4brunu,lukewakeford,issue,2,1126
yonaskolb,PaulTaykalo,pr,2,1122
namolnad,PaulTaykalo,pr,2,1122
keith,PaulTaykalo,pr,2,1122
keith,PaulTaykalo,pr,2,1122
havebeenfitz,hainayanda,issue,2,1118
yonaskolb,hainayanda,issue,2,1118
havebeenfitz,hainayanda,issue,2,1118
MartinP7r,hainayanda,issue,2,1118
maxkraev-personal,hainayanda,issue,2,1118
himammz,hainayanda,issue,2,1118
yonaskolb,adamawolf,issue,2,1114
yonaskolb,MetaBBLv,issue,2,1113
yonaskolb,namolnad,issue,2,1111
WeijunDeng,dungi,issue,2,1106
yonaskolb,kateinoigakukun,pr,2,1104
yonaskolb,knothed,pr,2,1096
smic,Attiv,issue,2,1095
PaulTaykalo,jakubkiermasz-zd,issue,2,1093
PaulTaykalo,jakubkiermasz-zd,issue,2,1093
yonaskolb,brevansio,issue,2,1089
yonaskolb,brevansio,issue,2,1089
0xDmitry,brevansio,issue,2,1089
artyom-stv,brevansio,issue,2,1089
0xDmitry,brevansio,issue,2,1089
freddi-kit,brevansio,issue,2,1089
yonaskolb,daltonclaybrook,pr,2,1087
freddi-kit,platysma,pr,2,1085
yonaskolb,elliottwilliams,pr,2,1081
FranzBusch,elliottwilliams,pr,2,1081
yonaskolb,elliottwilliams,pr,2,1081
yonaskolb,DavidWoohyunLee,pr,2,1080
subdigital,totidev,issue,2,1079
freddi-kit,totidev,issue,2,1079
subdigital,totidev,issue,2,1079
freddi-kit,totidev,issue,2,1079
freddi-kit,totidev,issue,2,1079
yonaskolb,DavidWoohyunLee,pr,2,1078
yonaskolb,DavidWoohyunLee,issue,2,1077
yonaskolb,DavidWoohyunLee,issue,2,1077
stefanomondino,DavidWoohyunLee,issue,2,1077
yonaskolb,DavidWoohyunLee,issue,2,1077
yonaskolb,DavidWoohyunLee,issue,2,1077
hsncr,DavidWoohyunLee,issue,2,1077
kateinoigakukun,freddi-kit,pr,2,1074
mthole,freddi-kit,pr,2,1074
razor313,freddi-kit,pr,2,1074
dehlen,freddi-kit,pr,2,1074
jakeheis,freddi-kit,pr,2,1074
mthole,freddi-kit,pr,2,1074
razor313,freddi-kit,pr,2,1074
skofgar,freddi-kit,pr,2,1074
ghost,freddi-kit,pr,2,1074
fousa,freddi-kit,pr,2,1074
yonaskolb,multitudes,issue,2,1071
yonaskolb,yanamura,pr,2,1066
yonaskolb,yanamura,pr,2,1066
freddi-kit,yanamura,pr,2,1065
yonaskolb,yanamura,pr,2,1065
yonaskolb,swiftty,pr,2,1062
freddi-kit,4brunu,issue,2,1061
freddi-kit,4brunu,issue,2,1061
freddi-kit,4brunu,issue,2,1061
yonaskolb,simonpierreroy,issue,2,1060
liamnichols,dalemyers,pr,2,1059
liamnichols,dalemyers,pr,2,1059
yonaskolb,dalemyers,pr,2,1059
freddi-kit,elliottwilliams,pr,2,1057
freddi-kit,elliottwilliams,pr,2,1057
freddi-kit,yevgenPaykey,issue,2,1056
freddi-kit,yevgenPaykey,issue,2,1056
freddi-kit,yevgenPaykey,issue,2,1056
freddi-kit,yevgenPaykey,issue,2,1056
freddi-kit,yevgenPaykey,issue,2,1056
freddi-kit,yevgenPaykey,issue,2,1056
freddi-kit,yevgenPaykey,issue,2,1056
freddi-kit,yevgenPaykey,issue,2,1056
freddi-kit,yevgenPaykey,issue,2,1056
freddi-kit,yevgenPaykey,issue,2,1056
freddi-kit,yevgenPaykey,issue,2,1056
freddi-kit,yevgenPaykey,issue,2,1056
yonaskolb,mrtsamma,issue,2,1055
liamnichols,mrtsamma,issue,2,1055
smaljaar,mrtsamma,issue,2,1055
honkmaster,mrtsamma,issue,2,1055
smaljaar,mrtsamma,issue,2,1055
honkmaster,mrtsamma,issue,2,1055
liamnichols,mrtsamma,issue,2,1055
liamnichols,mrtsamma,issue,2,1055
yonaskolb,mrtsamma,issue,2,1055
diegolechado,brandtdaniels,issue,2,1053
misyobun,brandtdaniels,issue,2,1053
stefanengel,brandtdaniels,issue,2,1053
lozhuf,brandtdaniels,issue,2,1053
yonaskolb,brandtdaniels,issue,2,1053
freddi-kit,BeerPoldet,issue,2,1050
freddi-kit,BeerPoldet,issue,2,1050
freddi-kit,BeerPoldet,issue,2,1050
freddi-kit,BeerPoldet,issue,2,1050
freddi-kit,BeerPoldet,issue,2,1050
freddi-kit,BeerPoldet,issue,2,1050
freddi-kit,BeerPoldet,issue,2,1050
freddi-kit,BeerPoldet,issue,2,1050
freddi-kit,BeerPoldet,issue,2,1050
oscar-odon,BeerPoldet,issue,2,1050
alexdmotoc,BeerPoldet,issue,2,1050
freddi-kit,BeerPoldet,issue,2,1050
oscar-odon,BeerPoldet,issue,2,1050
yonaskolb,BeerPoldet,issue,2,1050
amatig,BeerPoldet,issue,2,1050
freddi-kit,d-date,pr,2,1049
freddi-kit,d-date,pr,2,1049
yonaskolb,d-date,pr,2,1049
yonaskolb,d-date,issue,2,1048
freddi-kit,d-date,issue,2,1048
freddi-kit,d-date,issue,2,1048
freddi-kit,d-date,issue,2,1048
yonaskolb,tinder-maxwellelliott,issue,2,1047
yonaskolb,yevgenPaykey,issue,2,1046
freddi-kit,takoikatakotako,issue,2,1045
freddi-kit,takoikatakotako,issue,2,1045
freddi-kit,takoikatakotako,issue,2,1045
freddi-kit,takoikatakotako,issue,2,1045
AlanWestbrook,mariohahn,issue,2,1044
yonaskolb,mariohahn,issue,2,1044
mat1th,ck2shine,issue,2,1042
teameh,ck2shine,issue,2,1042
yonaskolb,ck2shine,issue,2,1042
mat1th,ck2shine,issue,2,1042
yonaskolb,ck2shine,issue,2,1042
yonaskolb,ck2shine,issue,2,1042
mat1th,ck2shine,issue,2,1042
mat1th,ck2shine,issue,2,1042
freddi-kit,dalemyers,pr,2,1040
freddi-kit,JakubBednar,pr,2,1039
jakubkiermasz-zd,JakubBednar,pr,2,1039
jakubkiermasz-zd,JakubBednar,pr,2,1039
yonaskolb,JakubBednar,pr,2,1039
freddi-kit,JakubBednar,pr,2,1039
jakubkiermasz-zd,JakubBednar,pr,2,1039
leogdion,RalfK92,issue,2,1034
yonaskolb,liamnichols,pr,2,1027
yonaskolb,liamnichols,pr,2,1027
yonaskolb,liamnichols,pr,2,1027
yonaskolb,liamnichols,pr,2,1027
jcolicchio,liamnichols,issue,2,1025
yonaskolb,thii,pr,2,1024
yonaskolb,thii,pr,2,1024
yonaskolb,fjcaetano,issue,2,1016
yonaskolb,FranzBusch,pr,2,1015
yonaskolb,FranzBusch,pr,2,1015
yonaskolb,Andre113,pr,2,1013
yonaskolb,Andre113,pr,2,1013
yonaskolb,pouty18,issue,2,1005
yonaskolb,mrabiciu,pr,2,1003
yonaskolb,daltonclaybrook,issue,2,1002
yonaskolb,raptorxcz,issue,2,1001
NrmeenTomoum,sassiwalid,issue,2,1000
riley-kohler,robinmayerhofer,issue,2,997
yonaskolb,elliottwilliams,pr,2,995
yonaskolb,jcolicchio,pr,2,981
yonaskolb,koenpunt,pr,2,977
yonaskolb,stefanomondino,pr,2,976
yonaskolb,jcolicchio,pr,2,973
1oo7,edulpn,issue,2,972
yonaskolb,liambutler-lawrence,issue,2,969
brentleyjones,liambutler-lawrence,issue,2,969
yonaskolb,joshwalker,pr,2,967
yonaskolb,jcolicchio,pr,2,964
hakkurishian,JonasVautherin,issue,2,963
yonaskolb,liamnichols,pr,2,955
yonaskolb,liamnichols,pr,2,955
myihsan,liamnichols,issue,2,954
myihsan,liamnichols,issue,2,954
myihsan,liamnichols,issue,2,954
yonaskolb,rinsuki,pr,2,952
yonaskolb,raptorxcz,pr,2,951
jlott1,raptorxcz,pr,2,951
yonaskolb,raptorxcz,pr,2,951
yonaskolb,raptorxcz,pr,2,951
yonaskolb,raptorxcz,pr,2,951
daltonclaybrook,raptorxcz,pr,2,951
yonaskolb,sascha,pr,2,950
yonaskolb,sascha,pr,2,950
yonaskolb,RomanPodymov,pr,2,948
yonaskolb,RomanPodymov,pr,2,948
tkachenkovv,RomanPodymov,pr,2,948
4brunu,anivaros,pr,2,945
liamnichols,anivaros,pr,2,945
4brunu,anivaros,pr,2,945
joshuapoq,anivaros,pr,2,945
liamnichols,anivaros,pr,2,945
jcolicchio,gemmakbarlow,issue,2,944
jcolicchio,gemmakbarlow,issue,2,944
jcolicchio,gemmakbarlow,issue,2,944
jcolicchio,gemmakbarlow,issue,2,944
jcolicchio,gemmakbarlow,issue,2,944
jcolicchio,gemmakbarlow,issue,2,944
jcolicchio,gemmakbarlow,issue,2,944
FelixLisczyk,gemmakbarlow,issue,2,944
jcolicchio,gemmakbarlow,issue,2,944
FelixLisczyk,gemmakbarlow,issue,2,944
yonaskolb,gemmakbarlow,issue,2,944
FelixLisczyk,gemmakbarlow,issue,2,944
brentleyjones,daltonclaybrook,pr,2,942
yonaskolb,dflems,pr,2,936
brentleyjones,dflems,pr,2,936
yonaskolb,brentleyjones,pr,2,932
yonaskolb,pvinis,pr,2,931
brentleyjones,polac24,pr,2,929
yonaskolb,k-thorat,pr,2,920
yevgenPaykey,techinpark,issue,2,919
brentleyjones,tcamin,pr,2,918
brentleyjones,tcamin,pr,2,918
brentleyjones,tcamin,pr,2,918
brentleyjones,dflems,pr,2,917
yonaskolb,codeman9,pr,2,916
yonaskolb,andrewreach,pr,2,915
yonaskolb,ooodin,pr,2,913
yonaskolb,ooodin,pr,2,913
brentleyjones,jsorge,pr,2,912
yonaskolb,jsorge,pr,2,912
yonaskolb,jsorge,pr,2,912
elland,jsorge,pr,2,912
yonaskolb,ikarishinjigao,issue,2,910
brentleyjones,ikarishinjigao,issue,2,910
dflems,brentleyjones,pr,2,909
dflems,brentleyjones,pr,2,909
dflems,brentleyjones,pr,2,909
dflems,brentleyjones,pr,2,909
yonaskolb,brentleyjones,pr,2,908
kwridan,jsorge,issue,2,906
ThePredators,jsorge,issue,2,906
yonaskolb,jsorge,issue,2,906
codeman9,kastiglione,issue,2,903
muizidn,mrtsamma,issue,2,901
CraigSiemens,mrtsamma,issue,2,901
brentleyjones,muizidn,pr,2,899
yonaskolb,muizidn,pr,2,899
brentleyjones,KhaosT,pr,2,896
toshi0383,KhaosT,pr,2,896
brentleyjones,liamnichols,pr,2,888
yonaskolb,liamnichols,pr,2,888
yonaskolb,rvi,issue,2,886
yonaskolb,maciejpiotrowski89,pr,2,884
yonaskolb,nkukushkin,pr,2,878
brentleyjones,rvi,issue,2,873
brentleyjones,pinda,pr,2,871
brentleyjones,pinda,pr,2,871
brentleyjones,pinda,pr,2,871
brentleyjones,pinda,pr,2,871
yonaskolb,pinda,pr,2,871
pinda,elland,pr,2,869
pinda,elland,pr,2,869
yonaskolb,elland,pr,2,869
yonaskolb,helbertgs,issue,2,867
ghost,helbertgs,issue,2,867
yonaskolb,helbertgs,issue,2,867
brentleyjones,elland,pr,2,866
brentleyjones,elland,pr,2,866
yonaskolb,elland,pr,2,866
brentleyjones,elland,pr,2,866
yonaskolb,elland,pr,2,866
brentleyjones,asifmohd,pr,2,863
yonaskolb,asifmohd,pr,2,863
brentleyjones,asifmohd,pr,2,863
keith,asifmohd,pr,2,863
brentleyjones,KhaosT,pr,2,862
EricRabil,mrabiciu,pr,2,860
yonaskolb,2075,issue,2,859
yonaskolb,maciejpiotrowski89,pr,2,858
brentleyjones,akkyie,pr,2,857
brentleyjones,Beniamiiin,issue,2,855
brentleyjones,Beniamiiin,issue,2,855
yonaskolb,mattrobmattrob,issue,2,854
brentleyjones,akkyie,pr,2,853
brentleyjones,akkyie,pr,2,853
yonaskolb,jeffctown,pr,2,851
brentleyjones,d-date,pr,2,847
brentleyjones,d-date,pr,2,847
yonaskolb,d-date,pr,2,847
brentleyjones,d-date,pr,2,847
brentleyjones,d-date,pr,2,847
yonaskolb,d-date,pr,2,847
yonaskolb,d-date,pr,2,847
yonaskolb,omares,pr,2,846
selin194,omares,pr,2,846
dpfannenstiel,omares,pr,2,846
jsorge,omares,pr,2,846
liamnichols,omares,pr,2,846
mat1th,omares,pr,2,846
albertodebortoli,omares,pr,2,846
namolnad,omares,pr,2,846
foxware00,omares,pr,2,846
hakkurishian,omares,pr,2,846
yonaskolb,omares,pr,2,846
yonaskolb,ileitch,issue,2,841
yonaskolb,ileitch,issue,2,841
yonaskolb,ileitch,pr,2,839
yonaskolb,jcolicchio,pr,2,834
yonaskolb,brentleyjones,pr,2,832
brentleyjones,toshi0383,pr,2,830
yonaskolb,toshi0383,pr,2,830
brentleyjones,ileitch,pr,2,828
kateinoigakukun,ileitch,pr,2,827
brentleyjones,scelis,pr,2,824
yonaskolb,brentleyjones,pr,2,823
yonaskolb,brentleyjones,pr,2,823
yonaskolb,brentleyjones,pr,2,823
acecilia,soffes,pr,2,822
yonaskolb,soffes,pr,2,822
yonaskolb,soffes,pr,2,822
yonaskolb,soffes,pr,2,822
acecilia,soffes,pr,2,822
yonaskolb,TheCoordinator,issue,2,821
yonaskolb,acecilia,pr,2,820
brentleyjones,acecilia,pr,2,820
brentleyjones,acecilia,pr,2,820
yonaskolb,ElfSundae,pr,2,818
yonaskolb,evandcoleman,issue,2,816
yonaskolb,evandcoleman,issue,2,816
jsorge,toshi0383,issue,2,813
yonaskolb,toshi0383,issue,2,813
acecilia,toshi0383,issue,2,813
yonaskolb,toshi0383,issue,2,813
acecilia,toshi0383,issue,2,813
acecilia,toshi0383,issue,2,813
yonaskolb,soffes,issue,2,811
keith,soffes,issue,2,811
yonaskolb,freddi-kit,pr,2,808
yonaskolb,michaeleisel,pr,2,803
brentleyjones,michaeleisel,pr,2,803
brentleyjones,michaeleisel,pr,2,803
brentleyjones,mohammdsss1,issue,2,800
brentleyjones,mohammdsss1,issue,2,800
brentleyjones,mohammdsss1,issue,2,800
brentleyjones,mohammdsss1,issue,2,800
brentleyjones,ionutivan,pr,2,799
tschob,daltonclaybrook,pr,2,798
yonaskolb,freddi-kit,pr,2,796
yonaskolb,freddi-kit,pr,2,796
mkkroliks,freddi-kit,pr,2,796
ghost,freddi-kit,pr,2,796
yonaskolb,freddi-kit,pr,2,796
yonaskolb,angelmic,issue,2,795
myihsan,sleepygarden,issue,2,794
brentleyjones,ken0nek,pr,2,793
0x6A75616E,ken0nek,pr,2,793
yonaskolb,ken0nek,pr,2,793
brentleyjones,ken0nek,pr,2,792
yonaskolb,myihsan,issue,2,789
bryansum,myihsan,issue,2,789
bryansum,myihsan,issue,2,789
bryansum,myihsan,issue,2,789
yonaskolb,myihsan,issue,2,789
JesusMartinAlonso,alexruperez,pr,2,788
brentleyjones,alexruperez,pr,2,788
ghost,alexruperez,pr,2,788
yonaskolb,alexruperez,pr,2,788
yonaskolb,alexruperez,pr,2,788
kateinoigakukun,ken0nek,pr,2,787
yonaskolb,ken0nek,pr,2,787
yonaskolb,ken0nek,pr,2,787
yonaskolb,nvapp360,issue,2,786
yonaskolb,nvapp360,issue,2,786
liamnichols,kornerr,issue,2,781
liamnichols,kornerr,issue,2,781
yonaskolb,mbuchetics,issue,2,770
yonaskolb,mbuchetics,issue,2,770
francesca64,kkoudev,issue,2,769
yonaskolb,TheCoordinator,issue,2,766
brentleyjones,Lutzifer,pr,2,765
jcolicchio,nvapp360,issue,2,764
yonaskolb,nvapp360,issue,2,764
jcolicchio,nvapp360,issue,2,764
yonaskolb,mrtsamma,issue,2,761
yonaskolb,mrtsamma,issue,2,761
Cretus-iosDev,toshi0383,issue,2,760
giginet,yonaskolb,pr,2,759
brentleyjones,kornerr,issue,2,757
yonaskolb,john-flanagan,pr,2,752
yonaskolb,PycKamil,pr,2,751
yonaskolb,sipao,issue,2,750
yonaskolb,Christian-Seiler,pr,2,747
yonaskolb,Christian-Seiler,issue,2,746
yonaskolb,Christian-Seiler,issue,2,746
yonaskolb,ikesyo,pr,2,744
toshi0383,touyu,issue,2,741
yonaskolb,kateinoigakukun,pr,2,740
yonaskolb,namolnad,pr,2,739
yonaskolb,namolnad,pr,2,739
toshi0383,yukkobay,pr,2,737
toshi0383,yukkobay,pr,2,737
yonaskolb,yukkobay,pr,2,737
yonaskolb,yukkobay,pr,2,737
yonaskolb,nickromano,issue,2,736
yonaskolb,nickromano,issue,2,736
daltonclaybrook,nickromano,issue,2,736
yonaskolb,antonkliukin,issue,2,732
yonaskolb,antonkliukin,issue,2,732
yonaskolb,brandtdaniels,issue,2,730
yonaskolb,brandtdaniels,issue,2,730
yonaskolb,PycKamil,issue,2,729
yonaskolb,PycKamil,issue,2,729
yonaskolb,PycKamil,issue,2,729
kateinoigakukun,PycKamil,issue,2,729
yonaskolb,FranzBusch,pr,2,728
brentleyjones,tid-kijyun,pr,2,726
brentleyjones,tid-kijyun,pr,2,726
brentleyjones,ken0nek,pr,2,725
yonaskolb,kateinoigakukun,pr,2,723
yonaskolb,raptorxcz,issue,2,722
basvankuijck,raptorxcz,issue,2,722
brentleyjones,raptorxcz,issue,2,722
yonaskolb,jsorge,issue,2,721
AV8R-,jsorge,issue,2,721
WilliamIzzo83,jsorge,issue,2,721
freddi-kit,jsorge,issue,2,721
WilliamIzzo83,jsorge,issue,2,721
freddi-kit,jsorge,issue,2,721
ThePredators,jsorge,issue,2,721
fnc12,jsorge,issue,2,721
ThePredators,jsorge,issue,2,721
fnc12,jsorge,issue,2,721
ThePredators,jsorge,issue,2,721
keith,giginet,pr,2,720
kikettas,giginet,pr,2,720
yonaskolb,giginet,pr,2,720
yonaskolb,RomanPodymov,pr,2,719
min,yonaskolb,pr,2,716
armintelker,yonaskolb,pr,2,716
soffes,yonaskolb,pr,2,716
pinda,yonaskolb,pr,2,716
omares,yonaskolb,pr,2,716
omares,yonaskolb,pr,2,716
omares,yonaskolb,pr,2,716
popwarfour,yonaskolb,pr,2,716
Almaz5200,yonaskolb,pr,2,716
SentoCrespo,yonaskolb,pr,2,716
DmitryShapovalov,yonaskolb,pr,2,716
SentoCrespo,yonaskolb,pr,2,716
SarannyaSalim,yonaskolb,pr,2,716
rublagar,yonaskolb,pr,2,716
hakkurishian,yonaskolb,pr,2,716
brentleyjones,JonasVautherin,issue,2,708
brentleyjones,JonasVautherin,issue,2,708
brentleyjones,JonasVautherin,issue,2,708
hartbit,JonasVautherin,issue,2,708
yonaskolb,JonasVautherin,issue,2,708
hartbit,JonasVautherin,issue,2,708
yonaskolb,JonasVautherin,issue,2,708
yonaskolb,JonasVautherin,issue,2,708
yonaskolb,JonasVautherin,issue,2,708
brentleyjones,rcari,pr,2,707
brentleyjones,rcari,pr,2,707
yonaskolb,rcari,pr,2,707
brentleyjones,rcari,pr,2,706
brentleyjones,wag-miles,pr,2,705
brentleyjones,wag-miles,pr,2,705
brentleyjones,wag-miles,pr,2,705
brentleyjones,rcari,pr,2,704
brentleyjones,rcari,pr,2,704
brentleyjones,rcari,pr,2,704
brentleyjones,rcari,pr,2,704
brentleyjones,rcari,pr,2,704
brentleyjones,rcari,pr,2,704
brentleyjones,rcari,pr,2,703
brentleyjones,rcari,pr,2,703
brentleyjones,rcari,pr,2,703
giginet,kaannesinn,issue,2,702
giginet,kaannesinn,issue,2,702
giginet,kaannesinn,issue,2,702
yonaskolb,kaannesinn,issue,2,702
yonaskolb,kaannesinn,issue,2,702
liamnichols,evandcoleman,pr,2,701
yonaskolb,evandcoleman,pr,2,701
acecilia,evandcoleman,pr,2,701
acecilia,evandcoleman,pr,2,701
mathieutozer,evandcoleman,pr,2,701
yonaskolb,evandcoleman,pr,2,701
mobileben,evandcoleman,pr,2,701
RayCyder,evandcoleman,pr,2,701
RayCyder,evandcoleman,pr,2,701
yonaskolb,kateinoigakukun,pr,2,700
yonaskolb,brandtdaniels,issue,2,699
86,brandtdaniels,issue,2,699
kateinoigakukun,brandtdaniels,issue,2,699
zenangst,brandtdaniels,issue,2,699
AlexLittlejohn,brandtdaniels,issue,2,699
yonaskolb,brandtdaniels,issue,2,699
gabriellanata,brandtdaniels,issue,2,699
BalintZoo,mjarvis,pr,2,696
mjarvis,mtancock,issue,2,695
mjarvis,mtancock,issue,2,695
mjarvis,mtancock,issue,2,695
yonaskolb,bryansum,pr,2,694
raptorxcz,bryansum,pr,2,694
yonaskolb,bryansum,pr,2,694
yonaskolb,myihsan,pr,2,693
yonaskolb,myihsan,pr,2,693
yonaskolb,myihsan,pr,2,693
SebastianThiebaud,myihsan,pr,2,693
SebastianThiebaud,myihsan,pr,2,693
SebastianThiebaud,myihsan,pr,2,693
SebastianThiebaud,myihsan,pr,2,693
teameh,myihsan,pr,2,693
yonaskolb,myihsan,pr,2,693
teameh,myihsan,pr,2,693
teameh,myihsan,pr,2,693
yonaskolb,myihsan,pr,2,693
alexruperez,myihsan,pr,2,693
yonaskolb,giginet,pr,2,688
brentleyjones,giginet,pr,2,688
yonaskolb,giginet,pr,2,686
bryansum,yonaskolb,pr,2,685
bryansum,yonaskolb,pr,2,685
bryansum,yonaskolb,pr,2,685
bryansum,yonaskolb,pr,2,685
bartzet,keremgund,issue,2,684
yonaskolb,keremgund,issue,2,684
ramharshvardhan,keremgund,issue,2,684
yonaskolb,keremgund,issue,2,684
yonaskolb,ryohey,pr,2,682
yonaskolb,ryohey,pr,2,682
toshi0383,ryohey,pr,2,682
yonaskolb,ryohey,pr,2,682
yonaskolb,ryohey,pr,2,682
yonaskolb,giginet,pr,2,681
bclymer,haemi,issue,2,680
yonaskolb,haemi,issue,2,680
lukewakeford,haemi,issue,2,680
yonaskolb,nivanchikov,pr,2,679
yonaskolb,mtancock,issue,2,678
piellarda,bonkey,issue,2,674
nivanchikov,bonkey,issue,2,674
yonaskolb,giginet,pr,2,673
philippelatulippe,giginet,pr,2,673
yonaskolb,ChristopherRogers,pr,2,671
keith,Qusic,pr,2,670
yonaskolb,Qusic,pr,2,669
yonaskolb,YasserAlShafei,issue,2,668
yonaskolb,YasserAlShafei,issue,2,668
yonaskolb,brandtdaniels,issue,2,662
kylebrowning,brandtdaniels,issue,2,662
bclymer,brandtdaniels,issue,2,660
yonaskolb,brandtdaniels,issue,2,660
bclymer,vlozko,issue,2,659
bclymer,vlozko,issue,2,659
bclymer,kateinoigakukun,pr,2,658
bclymer,kateinoigakukun,pr,2,658
yonaskolb,kateinoigakukun,pr,2,658
yonaskolb,kateinoigakukun,pr,2,657
brandtdaniels,kateinoigakukun,pr,2,656
yonaskolb,kateinoigakukun,pr,2,656
yonaskolb,kateinoigakukun,pr,2,655
yonaskolb,mkkroliks,issue,2,653
brandtdaniels,kornerr,issue,2,652
yonaskolb,kateinoigakukun,pr,2,651
yonaskolb,kateinoigakukun,pr,2,650
yonaskolb,brandtdaniels,issue,2,649
4brunu,brandtdaniels,issue,2,649
yonaskolb,brandtdaniels,issue,2,649
toshi0383,brandtdaniels,issue,2,649
NSURLSession0,brandtdaniels,issue,2,649
descorp,brandtdaniels,issue,2,647
yonaskolb,dmhts,issue,2,645
yonaskolb,nevillco,issue,2,643
bclymer,nevillco,issue,2,643
bclymer,nevillco,issue,2,643
yonaskolb,brandtdaniels,issue,2,639
yonaskolb,brandtdaniels,issue,2,638
yonaskolb,brandtdaniels,issue,2,637
brentleyjones,bclymer,pr,2,636
acecilia,bclymer,pr,2,636
yonaskolb,bclymer,pr,2,636
acecilia,bclymer,pr,2,636
brentleyjones,kateinoigakukun,pr,2,635
brentleyjones,kateinoigakukun,pr,2,635
brentleyjones,yosshi4486,pr,2,634
bclymer,PaulTaykalo,issue,2,631
yonaskolb,PaulTaykalo,issue,2,631
PycKamil,benrudhart,issue,2,630
yonaskolb,PeqNP,issue,2,629
yonaskolb,keith,pr,2,627
mmmilo,yonaskolb,pr,2,624
brentleyjones,yonaskolb,pr,2,624
kdubb,yonaskolb,pr,2,624
mbuchetics,yonaskolb,pr,2,624
mbuchetics,yonaskolb,pr,2,624
brentleyjones,yonaskolb,pr,2,624
yonaskolb,wqz-leo,pr,2,622
GabrielMassana,TheInkedEngineer,issue,2,618
yonaskolb,TheInkedEngineer,issue,2,618
yonaskolb,TheInkedEngineer,issue,2,618
yonaskolb,toshi0383,pr,2,617
yonaskolb,toshi0383,pr,2,617
TomasLinhart,bsmith11,pr,2,616
TomasLinhart,bsmith11,pr,2,616
yonaskolb,bsmith11,pr,2,616
yonaskolb,bsmith11,pr,2,616
yonaskolb,bsmith11,pr,2,616
yonaskolb,bsmith11,pr,2,616
yonaskolb,bsmith11,pr,2,616
simonpierreroy,bsmith11,pr,2,616
yonaskolb,bsmith11,pr,2,616
simonpierreroy,bsmith11,pr,2,616
d-date,PeqNP,issue,2,615
farshadtx,PeqNP,issue,2,615
Noegon,PeqNP,issue,2,615
iam-bartl,cremnet,issue,2,614
giginet,cremnet,issue,2,614
iam-bartl,cremnet,issue,2,614
kikettas,cremnet,issue,2,614
giginet,cremnet,issue,2,614
kaannesinn,cremnet,issue,2,614
brentleyjones,Beniamiiin,pr,2,613
brentleyjones,Beniamiiin,pr,2,613
brentleyjones,Beniamiiin,pr,2,613
brentleyjones,Beniamiiin,pr,2,613
brentleyjones,Beniamiiin,pr,2,613
brentleyjones,Beniamiiin,pr,2,613
mthole,Beniamiiin,pr,2,613
yonaskolb,sroebert,pr,2,611
BalestraPatrick,sroebert,pr,2,611
yonaskolb,sroebert,pr,2,611
yonaskolb,elland,issue,2,608
jsorge,elland,issue,2,608
yonaskolb,elland,issue,2,608
jsorge,elland,issue,2,608
Noegon,elland,issue,2,608
jsorge,elland,issue,2,608
Timidercrayon55,elland,issue,2,608
Timidercrayon55,elland,issue,2,608
sroebert,rcari,pr,2,607
sroebert,rcari,pr,2,607
sroebert,rcari,pr,2,607
yonaskolb,ethanjdiamond,issue,2,606
kdubb,ethanjdiamond,issue,2,606
AlexisQapa,ethanjdiamond,issue,2,606
bonkey,ethanjdiamond,issue,2,606
rvanmelle,ethanjdiamond,issue,2,606
zdnk,ethanjdiamond,issue,2,606
rvanmelle,ethanjdiamond,issue,2,606
yonaskolb,ethanjdiamond,issue,2,606
yonaskolb,ethanjdiamond,issue,2,606
smeshko,ethanjdiamond,issue,2,606
yonaskolb,ethanjdiamond,issue,2,606
yonaskolb,wag-miles,pr,2,601
bartzet,wag-miles,pr,2,601
yonaskolb,wag-miles,pr,2,601
bartzet,wag-miles,pr,2,601
yonaskolb,haritowa,pr,2,599
yonaskolb,haritowa,pr,2,599
nivanchikov,haritowa,pr,2,599
yonaskolb,thii,pr,2,597
yonaskolb,muehlemann,issue,2,596
yonaskolb,leogdion,issue,2,595
yonaskolb,leogdion,issue,2,595
yonaskolb,leogdion,issue,2,595
yonaskolb,leogdion,issue,2,595
yonaskolb,leogdion,issue,2,595
yonaskolb,leogdion,issue,2,595
yonaskolb,leogdion,issue,2,595
tbaranes,leogdion,issue,2,595
yonaskolb,thii,issue,2,593
yonaskolb,AlexisQapa,issue,2,591
tomquist,mkuliszkiewicz,issue,2,589
edulpn,mkuliszkiewicz,issue,2,589
edulpn,mkuliszkiewicz,issue,2,589
brentleyjones,mkuliszkiewicz,issue,2,589
edulpn,mkuliszkiewicz,issue,2,589
brentleyjones,mkuliszkiewicz,issue,2,589
edulpn,mkuliszkiewicz,issue,2,589
jcolicchio,mkuliszkiewicz,issue,2,589
yonaskolb,mkuliszkiewicz,issue,2,589
tomquist,marcelofabri,issue,2,587
FilipeJrd,smalllixin,issue,2,586
yonaskolb,dpfannenstiel,issue,2,584
yonaskolb,dpfannenstiel,issue,2,584
yonaskolb,min,pr,2,583
yonaskolb,andraskadar,pr,2,582
yonaskolb,andraskadar,pr,2,582
thii,andraskadar,pr,2,582
yonaskolb,andraskadar,pr,2,582
yonaskolb,acecilia,pr,2,581
pvinis,kevin00223,issue,2,579
pvinis,kevin00223,issue,2,579
pvinis,kevin00223,issue,2,579
pvinis,kevin00223,issue,2,579
yonaskolb,kevin00223,issue,2,579
yonaskolb,nivanchikov,pr,2,577
yonaskolb,nivanchikov,pr,2,577
haritowa,nivanchikov,pr,2,577
yonaskolb,nivanchikov,pr,2,577
yonaskolb,peter-tomaselli,issue,2,576
gomsu,peter-tomaselli,issue,2,576
brentleyjones,peter-tomaselli,issue,2,576
vlozko,peter-tomaselli,issue,2,576
brentleyjones,peter-tomaselli,issue,2,576
yonaskolb,peter-tomaselli,issue,2,576
yonaskolb,peter-tomaselli,issue,2,576
yonaskolb,haritowa,issue,2,574
nivanchikov,haritowa,issue,2,574
dpfannenstiel,carterbitrix,issue,2,570
brennanMKE,carterbitrix,issue,2,570
brennanMKE,carterbitrix,issue,2,570
toshi0383,carterbitrix,issue,2,570
yonaskolb,carterbitrix,issue,2,570
brennanMKE,carterbitrix,issue,2,570
yonaskolb,drkibitz,issue,2,568
yonaskolb,wacumov,issue,2,565
yonaskolb,wag-miles,pr,2,564
yonaskolb,wag-miles,pr,2,564
yonaskolb,wag-miles,pr,2,564
yonaskolb,wag-miles,pr,2,564
yonaskolb,keehun,issue,2,563
yonaskolb,raptorxcz,pr,2,562
yonaskolb,raptorxcz,pr,2,562
yonaskolb,raptorxcz,pr,2,562
yonaskolb,igorkulman,issue,2,560
yonaskolb,igorkulman,issue,2,560
nickplee,igorkulman,issue,2,560
yonaskolb,igorkulman,issue,2,560
nickplee,igorkulman,issue,2,560
yonaskolb,igorkulman,issue,2,560
yonaskolb,KhaosT,pr,2,558
ra1028,yonaskolb,pr,2,557
yonaskolb,tony1224,issue,2,556
yonaskolb,tony1224,issue,2,556
ryohey,yonaskolb,pr,2,555
yonaskolb,igorkulman,issue,2,554
yonaskolb,igorkulman,issue,2,554
piellarda,igorkulman,issue,2,554
yonaskolb,igorkulman,issue,2,554
piellarda,igorkulman,issue,2,554
AndrewBennet,DanielReyesDev,issue,2,551
yonaskolb,DanielReyesDev,issue,2,551
yonaskolb,DanielReyesDev,issue,2,551
yonaskolb,sroebert,pr,2,550
yonaskolb,KyoheiG3,pr,2,547
ra1028,KyoheiG3,pr,2,547
AlexisQapa,KyoheiG3,pr,2,547
yonaskolb,KyoheiG3,pr,2,547
yonaskolb,KyoheiG3,issue,2,546
yonaskolb,KyoheiG3,issue,2,546
ra1028,KyoheiG3,issue,2,546
ra1028,KyoheiG3,issue,2,546
yonaskolb,KyoheiG3,issue,2,546
giginet,KyoheiG3,issue,2,546
giginet,KyoheiG3,issue,2,546
ra1028,KyoheiG3,issue,2,546
yonaskolb,KyoheiG3,issue,2,546
yonaskolb,KyoheiG3,issue,2,546
yonaskolb,ryohey,pr,2,545
yonaskolb,VictorUrielP,issue,2,540
yonaskolb,gunterhager,issue,2,539
yonaskolb,gunterhager,issue,2,539
yonaskolb,gunterhager,issue,2,539
yonaskolb,gunterhager,issue,2,539
yonaskolb,johndpope,issue,2,538
yonaskolb,tomquist,pr,2,534
AlexisQapa,tomquist,pr,2,533
AlexisQapa,tomquist,pr,2,533
yonaskolb,tomquist,pr,2,533
yonaskolb,tomquist,pr,2,533
brentleyjones,dimatosaurus,pr,2,532
yonaskolb,dimatosaurus,pr,2,532
yonaskolb,dimatosaurus,pr,2,532
yonaskolb,friederbluemle,pr,2,531
yonaskolb,macbellingrath,pr,2,530
yonaskolb,haritowa,pr,2,529
yonaskolb,haritowa,pr,2,529
yonaskolb,squarefrog,issue,2,528
yonaskolb,squarefrog,issue,2,528
fabio914,kgellci,issue,2,526
fabio914,kgellci,issue,2,526
fabio914,kgellci,issue,2,526
yonaskolb,kgellci,issue,2,526
yonaskolb,kgellci,issue,2,526
yonaskolb,nzhuk,issue,2,525
sroebert,nzhuk,issue,2,525
alejandro-isaza,nzhuk,issue,2,525
yonaskolb,nzhuk,issue,2,525
yonaskolb,nzhuk,issue,2,525
yonaskolb,RomanPodymov,issue,2,523
yonaskolb,RomanPodymov,issue,2,523
yonaskolb,nzhuk,issue,2,522
alejandro-isaza,nzhuk,issue,2,522
yonaskolb,nzhuk,issue,2,522
yonaskolb,nzhuk,issue,2,522
yonaskolb,haritowa,issue,2,521
yonaskolb,nzhuk,issue,2,519
yonaskolb,elliottwilliams,pr,2,514
yonaskolb,ainopara,pr,2,510
yonaskolb,BalestraPatrick,pr,2,507
yonaskolb,rpassis,pr,2,506
ellneal,rpassis,pr,2,506
yonaskolb,rpassis,pr,2,506
yonaskolb,rpassis,pr,2,506
yonaskolb,rpassis,pr,2,506
ellneal,rpassis,pr,2,506
yonaskolb,rpassis,pr,2,506
yonaskolb,rpassis,pr,2,506
yonaskolb,rpassis,pr,2,506
yonaskolb,rpassis,pr,2,506
yonaskolb,rpassis,pr,2,506
yonaskolb,rpassis,pr,2,506
yonaskolb,rpassis,pr,2,506
yonaskolb,lukewakeford,pr,2,500
yonaskolb,lukewakeford,pr,2,500
yonaskolb,lukewakeford,issue,2,499
yonaskolb,lukewakeford,issue,2,499
yonaskolb,corysullivan,issue,2,498
yonaskolb,pvinis,issue,2,494
yonaskolb,pvinis,issue,2,494
yonaskolb,pvinis,issue,2,494
yonaskolb,rpassis,pr,2,492
yonaskolb,rpassis,pr,2,492
yonaskolb,nickdowell,issue,2,491
rpassis,ellneal,pr,2,489
yonaskolb,ellneal,pr,2,489
brentleyjones,ellneal,pr,2,489
danielwilliamson,ellneal,pr,2,489
DrewKiino,ellneal,pr,2,489
AlexisQapa,yonaskolb,issue,2,488
rpassis,yonaskolb,issue,2,488
rpassis,yonaskolb,issue,2,488
yonaskolb,monowerker,pr,2,487
yonaskolb,AlexisQapa,issue,2,485
yonaskolb,AlexisQapa,issue,2,485
sassiwalid,AlexisQapa,issue,2,485
yonaskolb,AlexisQapa,issue,2,485
yonaskolb,ksulliva,pr,2,482
yonaskolb,ksulliva,issue,2,481
icanswiftabit,ksulliva,issue,2,481
yonaskolb,ksulliva,issue,2,481
yonaskolb,ksulliva,issue,2,481
yonaskolb,Beniamiiin,pr,2,480
ryohey,yonaskolb,issue,2,479
Alex293,yonaskolb,issue,2,479
rastersize,yonaskolb,issue,2,478
DrewKiino,yonaskolb,issue,2,478
yonaskolb,johndpope,issue,2,475
yonaskolb,corysullivan,issue,2,474
yonaskolb,johndpope,issue,2,473
yonaskolb,johndpope,pr,2,472
yonaskolb,johndpope,pr,2,471
yonaskolb,johndpope,pr,2,471
keith,johndpope,issue,2,470
yonaskolb,johndpope,issue,2,470
rarabass,johndpope,issue,2,470
freddy5566,AlexisQapa,issue,2,467
yonaskolb,AlexisQapa,issue,2,467
freddy5566,AlexisQapa,issue,2,467
yonaskolb,raptorxcz,pr,2,466
yonaskolb,raptorxcz,pr,2,465
yonaskolb,raptorxcz,pr,2,465
Alex293,raptorxcz,pr,2,465
yonaskolb,raptorxcz,pr,2,465
yonaskolb,Alex293,issue,2,462
AlexisQapa,Alex293,issue,2,462
yonaskolb,Alex293,issue,2,462
yonaskolb,raptorxcz,issue,2,460
toshi0383,giginet,pr,2,459
toshi0383,giginet,pr,2,459
brentleyjones,giginet,pr,2,459
yonaskolb,giginet,pr,2,459
yonaskolb,JFryer12,issue,2,458
kgellci,JFryer12,issue,2,458
kgellci,JFryer12,issue,2,458
yonaskolb,JFryer12,issue,2,458
kgellci,JFryer12,issue,2,458
yonaskolb,JFryer12,issue,2,458
brentleyjones,dwb357,pr,2,457
yonaskolb,VictorUrielP,issue,2,456
yonaskolb,joris1995,issue,2,455
yonaskolb,joris1995,issue,2,455
yonaskolb,keehun,issue,2,453
yonaskolb,keehun,issue,2,453
LinusU,keehun,issue,2,453
yonaskolb,keehun,issue,2,453
LinusU,keehun,issue,2,453
yonaskolb,keehun,issue,2,453
LinusU,keehun,issue,2,453
yonaskolb,twoCame,issue,2,451
brentleyjones,twoCame,issue,2,451
brentleyjones,twoCame,issue,2,451
yonaskolb,bryansum,pr,2,450
yonaskolb,bryansum,pr,2,450
yonaskolb,chenjunpu,issue,2,447
yonaskolb,chenjunpu,issue,2,447
ninjazoete,chenjunpu,issue,2,447
yonaskolb,esam091,issue,2,446
keith,esam091,issue,2,446
brentleyjones,esam091,issue,2,446
cmuphobk,esam091,issue,2,446
yonaskolb,menesh2,issue,2,445
yonaskolb,menesh2,issue,2,445
yonaskolb,menesh2,issue,2,445
yonaskolb,feischl97,issue,2,440
yonaskolb,DanEdgarTarget,issue,2,439
yonaskolb,DanEdgarTarget,issue,2,439
cremnet,DanEdgarTarget,issue,2,439
brentleyjones,samedson,issue,2,438
brentleyjones,samedson,issue,2,438
yonaskolb,samedson,issue,2,438
LinusU,samedson,issue,2,438
yonaskolb,Westacular,issue,2,436
liamnichols,Westacular,issue,2,436
yonaskolb,Westacular,issue,2,436
yonaskolb,hayatan,pr,2,429
yonaskolb,hayatan,pr,2,429
yonaskolb,hayatan,pr,2,429
yonaskolb,chenyunguiMilook,issue,2,428
yonaskolb,chenyunguiMilook,issue,2,428
yonaskolb,chenyunguiMilook,issue,2,428
yonaskolb,dflems,pr,2,427
yonaskolb,dflems,pr,2,427
yonaskolb,sbarow,issue,2,426
yonaskolb,sbarow,issue,2,426
yonaskolb,abeintopalo,issue,2,425
yonaskolb,samskiter,issue,2,424
MaxDesiatov,yonaskolb,pr,2,423
yonaskolb,sjepifanov,issue,2,421
yonaskolb,sjepifanov,issue,2,421
yonaskolb,menesh2,issue,2,420
yonaskolb,kastiglione,pr,2,417
brentleyjones,kastiglione,pr,2,416
lukewakeford,yonaskolb,pr,2,415
brentleyjones,yonaskolb,pr,2,415
lukewakeford,yonaskolb,pr,2,415
keith,yonaskolb,pr,2,412
keith,yonaskolb,pr,2,412
keith,yonaskolb,pr,2,412
keith,yonaskolb,pr,2,412
toshi0383,yonaskolb,pr,2,412
ryohey,yonaskolb,pr,2,412
toshi0383,yonaskolb,pr,2,412
toshi0383,yonaskolb,pr,2,412
keith,yonaskolb,pr,2,412
toshi0383,yonaskolb,pr,2,412
yonaskolb,alvarhansen,pr,2,411
ryohey,yonaskolb,issue,2,409
LinusU,yonaskolb,issue,2,409
brentleyjones,yonaskolb,issue,2,409
keith,yonaskolb,issue,2,409
keith,yonaskolb,issue,2,409
toshi0383,rastersize,issue,2,407
yonaskolb,rastersize,issue,2,407
yonaskolb,lukewakeford,issue,2,406
yonaskolb,lukewakeford,issue,2,406
yonaskolb,lukewakeford,issue,2,406
yonaskolb,lukewakeford,issue,2,406
yonaskolb,pepicrft,pr,2,404
keith,rafalszastok,issue,2,403
toshi0383,brentleyjones,pr,2,402
yonaskolb,brentleyjones,pr,2,402
yonaskolb,brentleyjones,pr,2,402
brentleyjones,toshi0383,pr,2,397
pepicrft,toshi0383,pr,2,397
yonaskolb,toshi0383,pr,2,397
kyleturner,ezegutierrez,issue,2,395
yonaskolb,ezegutierrez,issue,2,395
yonaskolb,vgorloff,pr,2,394
yonaskolb,vgorloff,issue,2,392
yonaskolb,vgorloff,issue,2,392
yonaskolb,fxcoudert,issue,2,391
brentleyjones,fxcoudert,issue,2,391
AndrewBennet,fxcoudert,issue,2,391
LinusU,fxcoudert,issue,2,391
AlexShtarbev,fxcoudert,issue,2,391
yonaskolb,fxcoudert,issue,2,391
pepicrft,fxcoudert,issue,2,391
AlexShtarbev,fxcoudert,issue,2,391
yonaskolb,fxcoudert,issue,2,391
LinusU,fxcoudert,issue,2,391
yonaskolb,fxcoudert,issue,2,391
LinusU,fxcoudert,issue,2,391
yonaskolb,Saik0s,issue,2,389
keith,yonaskolb,pr,2,388
pepicrft,yonaskolb,pr,2,388
brentleyjones,yonaskolb,pr,2,388
keith,yonaskolb,pr,2,388
brentleyjones,frankdilo,pr,2,387
brentleyjones,frankdilo,pr,2,387
brentleyjones,frankdilo,issue,2,386
brentleyjones,frankdilo,issue,2,386
johndpope,frankdilo,issue,2,386
johndpope,frankdilo,issue,2,386
yonaskolb,keehun,issue,2,385
DrewKiino,keehun,issue,2,385
jsorge,keehun,issue,2,385
brentleyjones,ethanjdiamond,issue,2,384
yonaskolb,ethanjdiamond,issue,2,384
michaelfransen,ethanjdiamond,issue,2,384
yonaskolb,brentleyjones,pr,2,383
yonaskolb,brentleyjones,pr,2,383
yonaskolb,brentleyjones,pr,2,383
yonaskolb,brentleyjones,pr,2,383
yonaskolb,brentleyjones,pr,2,383
keith,vgorloff,issue,2,379
yonaskolb,keith,issue,2,378
rebello95,keith,issue,2,378
rebello95,keith,issue,2,378
bryansum,keith,issue,2,378
yonaskolb,brentleyjones,issue,2,377
yonaskolb,brentleyjones,issue,2,377
brentleyjones,danicoello,issue,2,372
yonaskolb,danicoello,issue,2,372
brentleyjones,danicoello,issue,2,372
brentleyjones,danicoello,issue,2,372
brentleyjones,danicoello,issue,2,371
Lutzifer,danicoello,issue,2,371
yonaskolb,danicoello,issue,2,371
yonaskolb,brentleyjones,pr,2,369
yonaskolb,brentleyjones,pr,2,369
vgorloff,brentleyjones,pr,2,368
vgorloff,brentleyjones,pr,2,368
yonaskolb,brentleyjones,pr,2,368
vgorloff,brentleyjones,pr,2,368
vgorloff,brentleyjones,pr,2,368
vgorloff,brentleyjones,pr,2,368
yonaskolb,brentleyjones,pr,2,368
yonaskolb,sxua,pr,2,367
yonaskolb,sxua,pr,2,367
keith,brentleyjones,pr,2,366
yonaskolb,brentleyjones,pr,2,365
yonaskolb,brentleyjones,pr,2,365
yonaskolb,rpassis,issue,2,363
unknown-undefined,rpassis,issue,2,363
unknown-undefined,rpassis,issue,2,363
yonaskolb,rpassis,issue,2,362
yonaskolb,rpassis,issue,2,362
yonaskolb,rpassis,issue,2,362
brentleyjones,rpassis,issue,2,362
yonaskolb,brentleyjones,pr,2,361
keith,brentleyjones,pr,2,360
yonaskolb,brentleyjones,issue,2,359
yonaskolb,brentleyjones,pr,2,358
brentleyjones,TheCoordinator,issue,2,357
yonaskolb,TheCoordinator,issue,2,357
yonaskolb,TheCoordinator,issue,2,357
brentleyjones,yonaskolb,pr,2,355
Lutzifer,yonaskolb,pr,2,355
Lutzifer,yonaskolb,pr,2,355
brentleyjones,yonaskolb,pr,2,354
brentleyjones,yonaskolb,pr,2,354
yonaskolb,brentleyjones,pr,2,353
keith,brentleyjones,pr,2,352
yonaskolb,brentleyjones,pr,2,352
keith,brentleyjones,issue,2,350
keith,brentleyjones,issue,2,350
yonaskolb,brentleyjones,pr,2,346
yonaskolb,brentleyjones,pr,2,346
yonaskolb,brentleyjones,pr,2,345
yonaskolb,brentleyjones,pr,2,345
yonaskolb,brentleyjones,pr,2,345
yonaskolb,brentleyjones,pr,2,345
yonaskolb,brentleyjones,pr,2,345
yonaskolb,TheCoordinator,issue,2,343
brentleyjones,TheCoordinator,issue,2,343
yonaskolb,TheCoordinator,issue,2,343
brentleyjones,TheCoordinator,issue,2,343
yonaskolb,TheCoordinator,issue,2,343
brentleyjones,TheCoordinator,issue,2,343
brentleyjones,TheCoordinator,issue,2,343
yonaskolb,TheCoordinator,issue,2,343
brentleyjones,TheCoordinator,issue,2,343
yonaskolb,TheCoordinator,issue,2,343
brentleyjones,TheCoordinator,issue,2,343
yonaskolb,TheCoordinator,issue,2,343
brentleyjones,TheCoordinator,issue,2,343
yonaskolb,rohitpal440,pr,2,341
yonaskolb,rohitpal440,pr,2,341
yonaskolb,ericmarkmartin,issue,2,340
yonaskolb,ericmarkmartin,issue,2,340
yonaskolb,ericmarkmartin,issue,2,340
yonaskolb,jasesuperhero,issue,2,338
yonaskolb,jasesuperhero,issue,2,338
yonaskolb,brentleyjones,pr,2,336
brentleyjones,iamtomcat,issue,2,335
yonaskolb,iamtomcat,issue,2,335
brentleyjones,iamtomcat,issue,2,335
yonaskolb,iamtomcat,issue,2,335
brentleyjones,vgorloff,issue,2,334
yonaskolb,brentleyjones,issue,2,331
yonaskolb,erikkerber,issue,2,330
yonaskolb,brentleyjones,issue,2,329
keith,brentleyjones,pr,2,327
keith,brentleyjones,pr,2,327
keith,brentleyjones,pr,2,327
keith,brentleyjones,pr,2,327
yonaskolb,brentleyjones,pr,2,327
yonaskolb,brentleyjones,pr,2,327
keith,brentleyjones,pr,2,327
keith,brentleyjones,pr,2,327
keith,brentleyjones,pr,2,327
yonaskolb,brentleyjones,pr,2,327
keith,brentleyjones,pr,2,327
keith,brentleyjones,pr,2,327
erikkerber,yonaskolb,pr,2,324
erikkerber,yonaskolb,pr,2,324
yonaskolb,archmagees,pr,2,322
yonaskolb,erikkerber,issue,2,321
yonaskolb,erikkerber,issue,2,321
yonaskolb,erikkerber,issue,2,321
yonaskolb,erikkerber,issue,2,321
yonaskolb,erikkerber,issue,2,321
yonaskolb,erikkerber,issue,2,321
yonaskolb,philippelatulippe,issue,2,320
yonaskolb,philippelatulippe,issue,2,320
yonaskolb,philippelatulippe,issue,2,319
vgorloff,Piasy,issue,2,318
elliottwilliams,Piasy,issue,2,318
yonaskolb,maicki,pr,2,317
rahul-malik,cjwirth,issue,2,315
rahul-malik,cjwirth,issue,2,315
yonaskolb,cjwirth,issue,2,315
yonaskolb,cjwirth,issue,2,315
alvarhansen,cjwirth,issue,2,315
yonaskolb,cjwirth,issue,2,315
yonaskolb,iamtomcat,issue,2,314
keith,iamtomcat,issue,2,314
yonaskolb,iamtomcat,issue,2,314
yonaskolb,iamtomcat,issue,2,314
yonaskolb,a5978445,issue,2,313
keith,stevemoser,issue,2,312
yonaskolb,stevemoser,issue,2,312
yonaskolb,stevemoser,issue,2,312
yonaskolb,m-ruhl,issue,2,310
keith,m-ruhl,issue,2,310
yonaskolb,albyok,issue,2,309
yonaskolb,albyok,issue,2,309
yonaskolb,albyok,issue,2,309
brentleyjones,albyok,issue,2,309
yonaskolb,keith,pr,2,308
yonaskolb,keith,pr,2,308
yonaskolb,keith,pr,2,308
yonaskolb,fabio914,issue,2,305
yonaskolb,fabio914,issue,2,305
keith,dflems,issue,2,304
yonaskolb,dflems,issue,2,304
yonaskolb,dflems,issue,2,304
yonaskolb,alvarhansen,pr,2,303
yonaskolb,alvarhansen,pr,2,303
toshi0383,Lutzifer,issue,2,301
yonaskolb,Lutzifer,issue,2,301
pvinis,Lutzifer,issue,2,301
yonaskolb,Lutzifer,issue,2,301
yonaskolb,Lutzifer,issue,2,301
toshi0383,Lutzifer,issue,2,301
LinusU,Lutzifer,issue,2,301
pvinis,Lutzifer,issue,2,301
yonaskolb,alvarhansen,pr,2,300
yonaskolb,sascha,pr,2,296
yonaskolb,sascha,pr,2,296
yonaskolb,abeintopalo,issue,2,295
Lutzifer,yonaskolb,pr,2,293
Lutzifer,yonaskolb,pr,2,293
Alex293,radimhalfar,issue,2,292
yonaskolb,radimhalfar,issue,2,292
Alex293,radimhalfar,issue,2,292
yonaskolb,radimhalfar,issue,2,292
Alex293,radimhalfar,issue,2,292
yonaskolb,radimhalfar,issue,2,292
Lutzifer,yonaskolb,pr,2,291
Lutzifer,yonaskolb,pr,2,291
Lutzifer,yonaskolb,pr,2,291
Lutzifer,yonaskolb,pr,2,291
Lutzifer,yonaskolb,pr,2,291
yonaskolb,Lutzifer,issue,2,290
yonaskolb,Lutzifer,issue,2,290
Lutzifer,yonaskolb,pr,2,288
Lutzifer,yonaskolb,pr,2,288
Lutzifer,yonaskolb,pr,2,288
yonaskolb,Lutzifer,issue,2,287
yonaskolb,Lutzifer,issue,2,285
yonaskolb,Lutzifer,issue,2,285
albyok,Lutzifer,issue,2,285
yonaskolb,Lutzifer,issue,2,285
yonaskolb,LinusU,pr,2,284
yonaskolb,tkrajacic,issue,2,283
yonaskolb,tkrajacic,issue,2,283
yonaskolb,tkrajacic,issue,2,283
yonaskolb,tkrajacic,issue,2,283
yonaskolb,tkrajacic,issue,2,283
vhbit,tkrajacic,issue,2,283
vhbit,tkrajacic,issue,2,283
vhbit,tkrajacic,issue,2,283
yonaskolb,tkrajacic,issue,2,283
ilovezfs,tkrajacic,issue,2,283
vhbit,tkrajacic,issue,2,283
ilovezfs,tkrajacic,issue,2,283
yonaskolb,tkrajacic,issue,2,283
vhbit,tkrajacic,issue,2,283
yonaskolb,tkrajacic,issue,2,283
vhbit,tkrajacic,issue,2,283
yonaskolb,tkrajacic,issue,2,283
protuberian,tkrajacic,issue,2,283
LinusU,yonaskolb,pr,2,282
yonaskolb,abeintopalo,issue,2,279
yonaskolb,abeintopalo,issue,2,279
johndpope,abeintopalo,issue,2,279
yonaskolb,abeintopalo,issue,2,278
yonaskolb,abeintopalo,issue,2,278
yonaskolb,AliSoftware,pr,2,274
yonaskolb,keith,pr,2,269
yonaskolb,keith,pr,2,269
yonaskolb,LinusU,issue,2,268
yonaskolb,LinusU,pr,2,267
yonaskolb,jerrymarino,pr,2,263
toshi0383,LinusU,issue,2,262
yonaskolb,prettierci-commits,pr,2,261
yonaskolb,iamtomcat,issue,2,260
yonaskolb,iamtomcat,issue,2,260
Alex293,iamtomcat,issue,2,260
Alex293,iamtomcat,issue,2,260
yonaskolb,iamtomcat,issue,2,260
vgorloff,iamtomcat,issue,2,260
rpassis,iamtomcat,issue,2,260
yonaskolb,iamtomcat,issue,2,260
rpassis,iamtomcat,issue,2,260
yonaskolb,iamtomcat,issue,2,260
Alex293,iamtomcat,issue,2,260
giginet,iamtomcat,issue,2,260
yonaskolb,iamtomcat,issue,2,260
LiewJunTung,iamtomcat,issue,2,260
LiewJunTung,iamtomcat,issue,2,260
turekj,toshi0383,pr,2,254
yonaskolb,toshi0383,issue,2,253
toshi0383,yonaskolb,pr,2,252
toshi0383,yonaskolb,pr,2,252
iamtomcat,yonaskolb,pr,2,252
iamtomcat,yonaskolb,pr,2,252
toshi0383,thecb4,issue,2,247
yonaskolb,thecb4,issue,2,247
yonaskolb,thecb4,issue,2,247
yonaskolb,thecb4,issue,2,247
yonaskolb,thecb4,issue,2,247
atreat,thecb4,issue,2,247
davertay,thecb4,issue,2,247
yonaskolb,thecb4,issue,2,247
libe,yonaskolb,pr,2,245
yonaskolb,ralfebert,issue,2,243
yonaskolb,ralfebert,issue,2,243
yonaskolb,libe,issue,2,242
keith,rahul-malik,pr,2,241
yonaskolb,rahul-malik,pr,2,241
yonaskolb,olbrichj,issue,2,240
yonaskolb,olbrichj,issue,2,240
yonaskolb,olbrichj,issue,2,240
yonaskolb,turekj,pr,2,239
yonaskolb,turekj,pr,2,239
yonaskolb,turekj,pr,2,239
yonaskolb,alvarhansen,issue,2,237
turekj,yonaskolb,issue,2,236
yonaskolb,jerrymarino,issue,2,235
yonaskolb,jerrymarino,issue,2,235
yonaskolb,jerrymarino,issue,2,235
yonaskolb,jerrymarino,issue,2,235
yonaskolb,kastiglione,issue,2,234
rahul-malik,kastiglione,issue,2,234
toshi0383,kastiglione,issue,2,234
toshi0383,kastiglione,issue,2,234
keith,kastiglione,issue,2,234
toshi0383,kastiglione,issue,2,234
keith,kastiglione,issue,2,234
toshi0383,kastiglione,issue,2,234
yonaskolb,kastiglione,issue,2,234
toshi0383,kastiglione,issue,2,234
toshi0383,kastiglione,issue,2,234
toshi0383,kastiglione,issue,2,234
toshi0383,kastiglione,issue,2,234
yonaskolb,kastiglione,issue,2,234
toshi0383,kastiglione,issue,2,234
yonaskolb,kastiglione,pr,2,233
yonaskolb,kastiglione,pr,2,233
yonaskolb,kastiglione,pr,2,233
yonaskolb,kastiglione,pr,2,231
yonaskolb,kastiglione,pr,2,231
yonaskolb,kastiglione,pr,2,231
yonaskolb,kastiglione,pr,2,231
yonaskolb,kastiglione,pr,2,231
yonaskolb,kastiglione,pr,2,231
yonaskolb,kastiglione,pr,2,230
yonaskolb,kastiglione,issue,2,228
yonaskolb,kastiglione,issue,2,228
yonaskolb,codeOfRobin,issue,2,226
yonaskolb,codeOfRobin,issue,2,226
yonaskolb,pepicrft,pr,2,225
yonaskolb,codeOfRobin,issue,2,224
yonaskolb,codeOfRobin,issue,2,224
yonaskolb,codeOfRobin,issue,2,224
yonaskolb,kastiglione,issue,2,223
pepicrft,kastiglione,issue,2,223
pepicrft,kastiglione,issue,2,223
keith,kastiglione,issue,2,223
yonaskolb,kastiglione,issue,2,223
jerrymarino,kastiglione,issue,2,223
jerrymarino,kastiglione,issue,2,223
yonaskolb,kastiglione,issue,2,223
yonaskolb,kastiglione,issue,2,223
pepicrft,kastiglione,issue,2,223
yonaskolb,kastiglione,issue,2,223
yonaskolb,codeOfRobin,issue,2,222
keith,anreitersimon,pr,2,219
keith,anreitersimon,pr,2,219
yonaskolb,anreitersimon,pr,2,219
yonaskolb,anreitersimon,pr,2,219
pepicrft,anreitersimon,pr,2,219
yonaskolb,alvarhansen,pr,2,218
yonaskolb,keith,pr,2,216
yonaskolb,keith,pr,2,216
yonaskolb,keith,pr,2,216
yonaskolb,keith,pr,2,216
yonaskolb,keith,pr,2,216
yonaskolb,keith,pr,2,216
yonaskolb,keith,issue,2,210
yonaskolb,gin0606,issue,2,208
alvarhansen,yonaskolb,pr,2,205
yonaskolb,alvarhansen,pr,2,200
yonaskolb,alvarhansen,pr,2,200
keith,alvarhansen,pr,2,200
pepicrft,yonaskolb,issue,2,196
LinusU,yonaskolb,issue,2,196
LinusU,yonaskolb,issue,2,196
danramteke,yonaskolb,issue,2,196
moppymopperson,yonaskolb,issue,2,196
yonaskolb,vhbit,issue,2,193
yonaskolb,vhbit,issue,2,193
yonaskolb,pepicrft,pr,2,191
yonaskolb,bkase,pr,2,190
rahul-malik,bkase,pr,2,190
yonaskolb,bkase,issue,2,189
rahul-malik,vhbit,issue,2,188
yonaskolb,vhbit,issue,2,188
yonaskolb,vhbit,issue,2,188
yonaskolb,kastiglione,pr,2,184
kastiglione,keith,issue,2,183
kastiglione,keith,issue,2,183
yonaskolb,TheCoordinator,pr,2,182
yonaskolb,TheCoordinator,issue,2,181
faken,TheCoordinator,issue,2,180
keehun,TheCoordinator,issue,2,180
bclymer,TheCoordinator,issue,2,180
yonaskolb,TheCoordinator,issue,2,179
rahul-malik,TheCoordinator,issue,2,179
yonaskolb,TheCoordinator,issue,2,179
yonaskolb,TheCoordinator,pr,2,178
yonaskolb,TheCoordinator,pr,2,178
brentleyjones,alexruperez,pr,2,177
yonaskolb,alexruperez,pr,2,177
yonaskolb,bkase,pr,2,175
yonaskolb,bkase,pr,2,175
rahul-malik,bkase,pr,2,175
yonaskolb,kastiglione,pr,2,174
yonaskolb,kastiglione,pr,2,174
yonaskolb,kastiglione,pr,2,174
pepicrft,alexruperez,issue,2,173
yonaskolb,alexruperez,issue,2,173
yonaskolb,alexruperez,issue,2,173
yonaskolb,rahul-malik,pr,2,172
yonaskolb,rahul-malik,pr,2,172
yonaskolb,pepicrft,pr,2,171
kastiglione,alexruperez,pr,2,170
yonaskolb,alexruperez,pr,2,170
kastiglione,alexruperez,pr,2,170
yonaskolb,alexruperez,pr,2,170
kastiglione,alexruperez,pr,2,170
yonaskolb,alexruperez,pr,2,170
pepicrft,alexruperez,pr,2,170
pepicrft,alexruperez,pr,2,170
pepicrft,alexruperez,issue,2,169
yonaskolb,alexruperez,issue,2,169
yonaskolb,soffes,pr,2,167
yonaskolb,soffes,pr,2,167
yonaskolb,sbarow,pr,2,165
yonaskolb,sbarow,pr,2,165
yonaskolb,sbarow,pr,2,165
jerrymarino,sbarow,pr,2,165
yonaskolb,sbarow,pr,2,165
jerrymarino,sbarow,pr,2,165
yonaskolb,soffes,pr,2,164
yonaskolb,sbarow,issue,2,163
rahul-malik,sbarow,issue,2,163
yonaskolb,sbarow,issue,2,163
yonaskolb,TheCoordinator,issue,2,162
yonaskolb,TheCoordinator,pr,2,161
yonaskolb,TheCoordinator,pr,2,161
yonaskolb,TheCoordinator,pr,2,161
rahul-malik,ryohey,pr,2,160
yonaskolb,ryohey,pr,2,160
rahul-malik,ryohey,pr,2,160
yonaskolb,jerrymarino,issue,2,159
yonaskolb,jerrymarino,issue,2,159
yonaskolb,rahul-malik,pr,2,158
yonaskolb,rahul-malik,pr,2,158
yonaskolb,rahul-malik,pr,2,158
yonaskolb,ryohey,pr,2,157
yonaskolb,keith,issue,2,150
yonaskolb,keith,issue,2,150
yonaskolb,keith,issue,2,150
yonaskolb,keith,issue,2,150
yonaskolb,keith,issue,2,150
yonaskolb,keith,issue,2,150
yonaskolb,keith,issue,2,150
keith,yonaskolb,pr,2,149
rpassis,yonaskolb,pr,2,149
keith,yonaskolb,pr,2,149
acecilia,yonaskolb,pr,2,149
yonaskolb,jerrymarino,issue,2,143
ryohey,jerrymarino,issue,2,143
yonaskolb,jerrymarino,issue,2,143
ryohey,jerrymarino,issue,2,143
yonaskolb,jerrymarino,issue,2,143
ryohey,jerrymarino,issue,2,143
yonaskolb,jerrymarino,issue,2,143
yonaskolb,jerrymarino,issue,2,143
yonaskolb,jerrymarino,issue,2,143
yonaskolb,sbarow,issue,2,140
yonaskolb,bkase,pr,2,139
yonaskolb,bkase,pr,2,136
yonaskolb,bkase,pr,2,136
yonaskolb,bkase,pr,2,136
yonaskolb,TheCoordinator,pr,2,135
yonaskolb,TheCoordinator,pr,2,135
yonaskolb,TheCoordinator,pr,2,135
yonaskolb,bkase,issue,2,132
yonaskolb,bkase,issue,2,132
yonaskolb,keith,issue,2,129
bkase,keith,issue,2,129
bkase,keith,issue,2,129
bkase,keith,issue,2,129
yonaskolb,keith,issue,2,129
yonaskolb,ryohey,pr,2,126
yonaskolb,ryohey,pr,2,126
yonaskolb,jerrymarino,issue,2,123
ryohey,yonaskolb,issue,2,122
yonaskolb,bkase,pr,2,121
keith,enmiller,pr,2,120
yonaskolb,enmiller,pr,2,120
yonaskolb,ryohey,pr,2,118
keith,ryohey,pr,2,118
yonaskolb,rahul-malik,pr,2,116
yonaskolb,rahul-malik,pr,2,116
yonaskolb,rahul-malik,pr,2,116
yonaskolb,rahul-malik,pr,2,116
yonaskolb,rahul-malik,pr,2,116
yonaskolb,rahul-malik,pr,2,116
yonaskolb,toshi0383,pr,2,115
keith,toshi0383,pr,2,115
yonaskolb,toshi0383,pr,2,115
yonaskolb,toshi0383,issue,2,114
pepicrft,yonaskolb,pr,2,113
keith,mironal,pr,2,112
yonaskolb,mironal,pr,2,112
yonaskolb,mironal,pr,2,112
keith,mironal,pr,2,112
yonaskolb,keith,issue,2,110
yonaskolb,keith,issue,2,110
yonaskolb,keith,pr,2,109
yonaskolb,bkase,pr,2,108
yonaskolb,bkase,pr,2,108
yonaskolb,bkase,pr,2,108
yonaskolb,bkase,pr,2,106
keith,bkase,pr,2,106
yonaskolb,bkase,pr,2,106
yonaskolb,bkase,pr,2,106
yonaskolb,bkase,pr,2,106
yonaskolb,bkase,pr,2,105
yonaskolb,bkase,pr,2,105
yonaskolb,bkase,pr,2,105
yonaskolb,durul,issue,2,104
yonaskolb,durul,issue,2,104
yonaskolb,durul,issue,2,104
yonaskolb,keith,pr,2,96
yonaskolb,keith,pr,2,95
yonaskolb,keith,pr,2,94
yonaskolb,keith,pr,2,94
daltonclaybrook,keith,pr,2,94
yonaskolb,keith,pr,2,94
yonaskolb,keith,issue,2,92
yonaskolb,keith,issue,2,92
pepicrft,keith,issue,2,92
jerrymarino,keith,issue,2,91
yonaskolb,keith,issue,2,91
yonaskolb,keith,issue,2,90
yonaskolb,keith,issue,2,89
yonaskolb,keith,issue,2,89
yonaskolb,keith,issue,2,89
yonaskolb,keith,issue,2,89
yonaskolb,keith,issue,2,89
pepicrft,keith,issue,2,89
yonaskolb,keith,issue,2,89
pepicrft,keith,issue,2,89
yonaskolb,keith,issue,2,89
yonaskolb,keith,issue,2,89
yonaskolb,keith,issue,2,89
yonaskolb,keith,issue,2,88
yonaskolb,keith,issue,2,88
yonaskolb,keith,issue,2,87
yonaskolb,keith,issue,2,87
yonaskolb,keith,issue,2,87
yonaskolb,enmiller,pr,2,85
pepicrft,enmiller,pr,2,85
pepicrft,enmiller,pr,2,85
yonaskolb,enmiller,pr,2,85
yonaskolb,mironal,pr,2,84
yonaskolb,toshi0383,pr,2,82
yonaskolb,toshi0383,pr,2,82
yonaskolb,toshi0383,pr,2,82
yonaskolb,toshi0383,pr,2,82
yonaskolb,toshi0383,pr,2,82
yonaskolb,toshi0383,issue,2,81
yonaskolb,toshi0383,issue,2,81
yonaskolb,toshi0383,pr,2,77
yonaskolb,toshi0383,pr,2,77
yonaskolb,toshi0383,pr,2,77
yonaskolb,toshi0383,pr,2,77
yonaskolb,toshi0383,pr,2,77
yonaskolb,toshi0383,pr,2,77
yonaskolb,toshi0383,pr,2,77
keith,toshi0383,pr,2,77
yonaskolb,toshi0383,pr,2,76
yonaskolb,toshi0383,pr,2,76
yonaskolb,toshi0383,pr,2,74
yonaskolb,ryohey,pr,2,70
yonaskolb,ryohey,pr,2,70
yonaskolb,ryohey,pr,2,70
yonaskolb,ryohey,pr,2,70
yonaskolb,ryohey,pr,2,70
keith,ryohey,pr,2,70
keith,ryohey,pr,2,70
yonaskolb,ryohey,pr,2,70
keith,ryohey,pr,2,70
keith,ryohey,pr,2,70
aerobounce,yonaskolb,pr,2,67
aerobounce,yonaskolb,pr,2,67
aerobounce,yonaskolb,pr,2,67
yonaskolb,toshi0383,issue,2,65
toshi0383,yonaskolb,pr,2,64
yonaskolb,ryohey,issue,2,62
yonaskolb,ryohey,issue,2,62
yonaskolb,ryohey,issue,2,62
yonaskolb,ryohey,issue,2,62
yonaskolb,toshi0383,issue,2,61
yonaskolb,toshi0383,issue,2,61
yonaskolb,toshi0383,issue,2,61
yonaskolb,toshi0383,pr,2,60
yonaskolb,toshi0383,issue,2,59
yonaskolb,ehyche,issue,2,58
yonaskolb,ehyche,issue,2,58
yonaskolb,ImLaufderZeit,issue,2,57
yonaskolb,ImLaufderZeit,issue,2,57
yonaskolb,ImLaufderZeit,issue,2,57
yonaskolb,ehyche,pr,2,55
yonaskolb,ehyche,pr,2,55
yonaskolb,ehyche,pr,2,55
ImLaufderZeit,yonaskolb,issue,2,53
pepicrft,yonaskolb,issue,2,53
pepicrft,yonaskolb,pr,2,52
jalopezcar,daniel-beard,issue,2,51
yonaskolb,daniel-beard,issue,2,51
yonaskolb,daniel-beard,issue,2,51
yonaskolb,daniel-beard,issue,2,51
yonaskolb,daniel-beard,issue,2,51
pepicrft,daniel-beard,issue,2,51
yonaskolb,daniel-beard,issue,2,51
pepicrft,daniel-beard,issue,2,51
yonaskolb,daniel-beard,issue,2,51
pepicrft,daniel-beard,issue,2,51
ehyche,daniel-beard,issue,2,51
yonaskolb,daniel-beard,issue,2,51
ehyche,daniel-beard,issue,2,51
aerobounce,daniel-beard,issue,2,51
yonaskolb,daniel-beard,issue,2,51
ilovezfs,daniel-beard,issue,2,51
aerobounce,daniel-beard,issue,2,51
ilovezfs,daniel-beard,issue,2,51
pepicrft,daniel-beard,issue,2,51
yonaskolb,daniel-beard,issue,2,51
pepicrft,daniel-beard,issue,2,51
yonaskolb,daniel-beard,issue,2,51
aerobounce,daniel-beard,issue,2,51
jalopezcar,daniel-beard,issue,2,51
vhbit,daniel-beard,issue,2,51
yonaskolb,daniel-beard,issue,2,51
jalopezcar,daniel-beard,issue,2,51
vhbit,daniel-beard,issue,2,51
vhbit,daniel-beard,issue,2,51
yonaskolb,daniel-beard,issue,2,51
vhbit,daniel-beard,issue,2,51
agurod42,daniel-beard,issue,2,51
yonaskolb,daniel-beard,issue,2,51
agurod42,daniel-beard,issue,2,51
yonaskolb,antoniocasero,pr,2,50
yonaskolb,antoniocasero,pr,2,50
yonaskolb,antoniocasero,pr,2,50
yonaskolb,antoniocasero,pr,2,48
mironal,ImLaufderZeit,issue,2,47
yonaskolb,ImLaufderZeit,issue,2,47
vgorloff,ImLaufderZeit,issue,2,47
brentleyjones,ImLaufderZeit,issue,2,47
yonaskolb,ImLaufderZeit,issue,2,47
brentleyjones,ImLaufderZeit,issue,2,47
yonaskolb,ImLaufderZeit,issue,2,47
yonaskolb,ImLaufderZeit,issue,2,47
pepicrft,yonaskolb,pr,2,44
yonaskolb,ImLaufderZeit,issue,2,42
yonaskolb,ImLaufderZeit,issue,2,42
yonaskolb,ImLaufderZeit,issue,2,41
ImLaufderZeit,yonaskolb,pr,2,37
pepicrft,yonaskolb,issue,2,31
farshadtx,yonaskolb,issue,2,31
farshadtx,yonaskolb,issue,2,31
toshi0383,yonaskolb,issue,2,29
toshi0383,yonaskolb,issue,2,29
yonaskolb,ImLaufderZeit,issue,2,28
yonaskolb,ImLaufderZeit,issue,2,28
yonaskolb,ImLaufderZeit,issue,2,28
pepicrft,ImLaufderZeit,issue,2,28
yonaskolb,ImLaufderZeit,issue,2,28
pepicrft,ImLaufderZeit,issue,2,27
yonaskolb,ImLaufderZeit,issue,2,27
yonaskolb,pepicrft,issue,2,26
pepicrft,ImLaufderZeit,issue,2,25
yonaskolb,ImLaufderZeit,issue,2,25
yonaskolb,ImLaufderZeit,issue,2,25
yonaskolb,ImLaufderZeit,issue,2,24
pepicrft,ImLaufderZeit,issue,2,24
yonaskolb,ImLaufderZeit,issue,2,24
yonaskolb,pepicrft,issue,2,18
yonaskolb,pepicrft,pr,2,16
yonaskolb,pepicrft,pr,2,16
yonaskolb,pepicrft,pr,2,16
yonaskolb,pepicrft,pr,2,16
yonaskolb,pepicrft,pr,2,16
yonaskolb,pepicrft,pr,2,16
yonaskolb,pepicrft,issue,2,15
yonaskolb,pepicrft,issue,2,15
yonaskolb,pepicrft,issue,2,15
sbarow,yonaskolb,issue,2,11
pepicrft,yonaskolb,issue,2,11
TheCoordinator,yonaskolb,issue,2,11
rahul-malik,yonaskolb,issue,2,11
TheCoordinator,yonaskolb,issue,2,11
rahul-malik,yonaskolb,issue,2,11
TheCoordinator,yonaskolb,issue,2,11
rahul-malik,yonaskolb,issue,2,11
rastersize,yonaskolb,issue,2,11
rastersize,yonaskolb,issue,2,11
pepicrft,yonaskolb,issue,2,5
andymedvedev,yonaskolb,issue,2,4
robertjpayne,yonaskolb,issue,2,2
yonaskolb,HSchultjan,issue,2,1
yonaskolb,HSchultjan,issue,2,1
